--
-- PostgreSQL database dump
--

\restrict H0xfQ5ZL4SE8Ju1iiTrW4lO1HWzXkPFMFH0rhZdKbFoaEfnJSbSPI5AItY65len

-- Dumped from database version 15.15 (Debian 15.15-1.pgdg12+1)
-- Dumped by pg_dump version 15.15 (Debian 15.15-1.pgdg12+1)

SET statement_timeout = 0;
SET lock_timeout = 0;
SET idle_in_transaction_session_timeout = 0;
SET client_encoding = 'UTF8';
SET standard_conforming_strings = on;
SELECT pg_catalog.set_config('search_path', '', false);
SET check_function_bodies = false;
SET xmloption = content;
SET client_min_messages = warning;
SET row_security = off;

--
-- Data for Name: departments; Type: TABLE DATA; Schema: public; Owner: smartfactory
--

SET SESSION AUTHORIZATION DEFAULT;

ALTER TABLE public.departments DISABLE TRIGGER ALL;

INSERT INTO public.departments (id, code, name, name_ja, description, parent_id, manager_id, is_active, created_at, updated_at) VALUES ('b0afefdc-2315-4925-a6ac-d97e1cced912', 'SX', 'Phòng Sản xuất', NULL, 'Phụ trách sản xuất sản phẩm chính', NULL, NULL, true, '2026-01-13 16:09:59.485046+00', '2026-01-13 16:09:59.485046+00');
INSERT INTO public.departments (id, code, name, name_ja, description, parent_id, manager_id, is_active, created_at, updated_at) VALUES ('b6859c5e-0f05-432d-8f9f-0ccb5d13b643', 'KT', 'Phòng Kiểm tra', NULL, 'Kiểm tra chất lượng trong quá trình sản xuất', NULL, NULL, true, '2026-01-13 16:09:59.599156+00', '2026-01-13 16:09:59.599156+00');
INSERT INTO public.departments (id, code, name, name_ja, description, parent_id, manager_id, is_active, created_at, updated_at) VALUES ('6a2df227-c4af-4784-a3bd-210415c4ebaa', 'VC', 'Phòng Vận chuyển', NULL, 'Vận chuyển hàng hóa và nguyên liệu', NULL, NULL, true, '2026-01-13 16:09:59.713067+00', '2026-01-13 16:09:59.713067+00');
INSERT INTO public.departments (id, code, name, name_ja, description, parent_id, manager_id, is_active, created_at, updated_at) VALUES ('44e48126-8fea-4b4e-92fb-126d937398b4', 'LOG', 'Phòng Logistic', NULL, 'Quản lý chuỗi cung ứng và kho bãi', NULL, NULL, true, '2026-01-13 16:09:59.824157+00', '2026-01-13 16:09:59.824157+00');
INSERT INTO public.departments (id, code, name, name_ja, description, parent_id, manager_id, is_active, created_at, updated_at) VALUES ('ff99a528-cc0c-47fa-b27f-b1c9673b7b7a', 'TB', 'Phòng Thiết bị', NULL, 'Bảo trì và sửa chữa thiết bị', NULL, NULL, true, '2026-01-13 16:09:59.937284+00', '2026-01-13 16:09:59.937284+00');
INSERT INTO public.departments (id, code, name, name_ja, description, parent_id, manager_id, is_active, created_at, updated_at) VALUES ('a47e7584-56be-4357-a253-59d6b60a4c42', 'MA', 'Phòng MA', NULL, 'Manufacturing Administration', NULL, NULL, true, '2026-01-13 16:10:00.057342+00', '2026-01-13 16:10:00.057342+00');
INSERT INTO public.departments (id, code, name, name_ja, description, parent_id, manager_id, is_active, created_at, updated_at) VALUES ('03d8c96c-6559-4794-90f0-665542f28829', 'KTH', 'Phòng Kỹ thuật', NULL, 'Hỗ trợ kỹ thuật và cải tiến', NULL, NULL, true, '2026-01-13 16:10:00.185827+00', '2026-01-13 16:10:00.185827+00');
INSERT INTO public.departments (id, code, name, name_ja, description, parent_id, manager_id, is_active, created_at, updated_at) VALUES ('cfcd5749-cf71-4a9c-ade5-cb1239961f66', 'QA', 'Phòng QA', NULL, 'Đảm bảo chất lượng toàn diện', NULL, NULL, true, '2026-01-13 16:10:00.306018+00', '2026-01-13 16:10:00.306018+00');
INSERT INTO public.departments (id, code, name, name_ja, description, parent_id, manager_id, is_active, created_at, updated_at) VALUES ('7af71b31-f304-4c82-aea9-10daa8dff907', 'QLSX', 'Phòng Quản lý sản xuất', NULL, 'Lập kế hoạch và quản lý sản xuất', NULL, NULL, true, '2026-01-13 16:10:00.422288+00', '2026-01-13 16:10:00.422288+00');


ALTER TABLE public.departments ENABLE TRIGGER ALL;

--
-- Data for Name: users; Type: TABLE DATA; Schema: public; Owner: smartfactory
--

ALTER TABLE public.users DISABLE TRIGGER ALL;

INSERT INTO public.users (id, employee_code, email, password, full_name, full_name_ja, phone, avatar_url, preferred_language, role, level, department_id, is_active, password_reset_token, password_reset_expires, last_login, created_at, updated_at) VALUES ('10a96c8f-aa03-4312-a9b3-eb75fce81bfe', 'GM0001', 'nguyen.van.an1@smartfactory.com', '$2a$12$BvSYGfFFbdX56zGWF1WvwuXahoVIFm6/TVWLlL3qn/GAZe9raPLXq', 'Nguyễn Văn An', NULL, '0916840502', NULL, 'vi', 'general_manager', 1, 'b0afefdc-2315-4925-a6ac-d97e1cced912', true, NULL, NULL, NULL, '2026-01-13 16:10:00.846004+00', '2026-01-13 16:10:00.846004+00');
INSERT INTO public.users (id, employee_code, email, password, full_name, full_name_ja, phone, avatar_url, preferred_language, role, level, department_id, is_active, password_reset_token, password_reset_expires, last_login, created_at, updated_at) VALUES ('4f00f11a-e137-4477-b79b-25bc903aca9a', 'MGR0002', 'tran.minh.tuan2@smartfactory.com', '$2a$12$pdHMlxShupG0DnNiBMvuy.n58/RAy3MFIe5rVxrnvq5C9bDHTuJ9O', 'Trần Minh Tuấn', NULL, '0955734395', NULL, 'vi', 'manager', 2, 'b0afefdc-2315-4925-a6ac-d97e1cced912', true, NULL, NULL, NULL, '2026-01-13 16:10:01.190951+00', '2026-01-13 16:10:01.190951+00');
INSERT INTO public.users (id, employee_code, email, password, full_name, full_name_ja, phone, avatar_url, preferred_language, role, level, department_id, is_active, password_reset_token, password_reset_expires, last_login, created_at, updated_at) VALUES ('4d6f53cf-f2dc-410a-8157-a10af5f69cfd', 'MGR0003', 'le.hoang.nam3@smartfactory.com', '$2a$12$pjF.TSXJEXAiepzhDZHj5OtYqzQGqe4s8doaCpCyIKv5mwVMW1yXG', 'Lê Hoàng Nam', NULL, '0974869323', NULL, 'vi', 'manager', 2, 'b6859c5e-0f05-432d-8f9f-0ccb5d13b643', true, NULL, NULL, NULL, '2026-01-13 16:10:01.543455+00', '2026-01-13 16:10:01.543455+00');
INSERT INTO public.users (id, employee_code, email, password, full_name, full_name_ja, phone, avatar_url, preferred_language, role, level, department_id, is_active, password_reset_token, password_reset_expires, last_login, created_at, updated_at) VALUES ('ae95751e-2c75-4941-a991-91e305d74061', 'MGR0004', 'pham.duc.hung4@smartfactory.com', '$2a$12$RMfnyQ7L7WlvQbNf6YzhUO31EN3V98qvXCACThfrdqklYwHMwGFtu', 'Phạm Đức Hùng', NULL, '0914328958', NULL, 'vi', 'manager', 2, '6a2df227-c4af-4784-a3bd-210415c4ebaa', true, NULL, NULL, NULL, '2026-01-13 16:10:01.896054+00', '2026-01-13 16:10:01.896054+00');
INSERT INTO public.users (id, employee_code, email, password, full_name, full_name_ja, phone, avatar_url, preferred_language, role, level, department_id, is_active, password_reset_token, password_reset_expires, last_login, created_at, updated_at) VALUES ('33610e14-f6e0-4439-b164-3c0b7dfab3bd', 'MGR0005', 'hoang.van.thang5@smartfactory.com', '$2a$12$Flb/g0dbr7rB6Bb0fR.lre7hSZepUIkANS.7F9fgoaYNu9rLEuT06', 'Hoàng Văn Thắng', NULL, '0973139018', NULL, 'vi', 'manager', 2, '44e48126-8fea-4b4e-92fb-126d937398b4', true, NULL, NULL, NULL, '2026-01-13 16:10:02.245525+00', '2026-01-13 16:10:02.245525+00');
INSERT INTO public.users (id, employee_code, email, password, full_name, full_name_ja, phone, avatar_url, preferred_language, role, level, department_id, is_active, password_reset_token, password_reset_expires, last_login, created_at, updated_at) VALUES ('89be842e-4830-4ba7-b20d-fbf4c029c2da', 'MGR0006', 'vu.dinh.khoa6@smartfactory.com', '$2a$12$Qzw9GpQ2LhAVu6wUIX8EdeMtYkpUWFwarV4T2NeyYHQj.YgTqAXoi', 'Vũ Đình Khoa', NULL, '0983462458', NULL, 'vi', 'manager', 2, 'ff99a528-cc0c-47fa-b27f-b1c9673b7b7a', true, NULL, NULL, NULL, '2026-01-13 16:10:02.609296+00', '2026-01-13 16:10:02.609296+00');
INSERT INTO public.users (id, employee_code, email, password, full_name, full_name_ja, phone, avatar_url, preferred_language, role, level, department_id, is_active, password_reset_token, password_reset_expires, last_login, created_at, updated_at) VALUES ('3dae1926-2556-432f-a267-59b6f072e4c4', 'MGR0007', 'dang.quoc.toan7@smartfactory.com', '$2a$12$wp.TQd591Rf.j.7QfezxS.qQYSiWo57P3tqgCMq.KnEf.pvYOsVeS', 'Đặng Quốc Toàn', NULL, '0973350771', NULL, 'vi', 'manager', 2, 'a47e7584-56be-4357-a253-59d6b60a4c42', true, NULL, NULL, NULL, '2026-01-13 16:10:02.965386+00', '2026-01-13 16:10:02.965386+00');
INSERT INTO public.users (id, employee_code, email, password, full_name, full_name_ja, phone, avatar_url, preferred_language, role, level, department_id, is_active, password_reset_token, password_reset_expires, last_login, created_at, updated_at) VALUES ('edbe8edb-7caa-490a-8b9c-beac950e75c2', 'MGR0008', 'bui.thanh.tung8@smartfactory.com', '$2a$12$19hDqnH6E9KeJmTIpUJ4PuNTgzrpWS8t0mFaDPpzAjQ4izA1yQCTC', 'Bùi Thanh Tùng', NULL, '0914861079', NULL, 'vi', 'manager', 2, '03d8c96c-6559-4794-90f0-665542f28829', true, NULL, NULL, NULL, '2026-01-13 16:10:03.320429+00', '2026-01-13 16:10:03.320429+00');
INSERT INTO public.users (id, employee_code, email, password, full_name, full_name_ja, phone, avatar_url, preferred_language, role, level, department_id, is_active, password_reset_token, password_reset_expires, last_login, created_at, updated_at) VALUES ('bda9c182-2608-4ecb-929c-4da5d0d3748e', 'MGR0009', 'do.manh.cuong9@smartfactory.com', '$2a$12$bq0ai41tdPdouawytfs3AuNAc4Xk5fj.HXRwWj7g3DYLHJ1c8E0bq', 'Đỗ Mạnh Cường', NULL, '0972182928', NULL, 'vi', 'manager', 2, 'cfcd5749-cf71-4a9c-ade5-cb1239961f66', true, NULL, NULL, NULL, '2026-01-13 16:10:03.670824+00', '2026-01-13 16:10:03.670824+00');
INSERT INTO public.users (id, employee_code, email, password, full_name, full_name_ja, phone, avatar_url, preferred_language, role, level, department_id, is_active, password_reset_token, password_reset_expires, last_login, created_at, updated_at) VALUES ('c4fbb82b-3e42-40d7-b7b6-a35eb6219dff', 'MGR0010', 'ngo.van.binh10@smartfactory.com', '$2a$12$feyTVay4cLz0gz5wdlZER.Xd0NOpBlO1GUgFMwpCureZ57EN0rk6a', 'Ngô Văn Bình', NULL, '0966925199', NULL, 'vi', 'manager', 2, '7af71b31-f304-4c82-aea9-10daa8dff907', true, NULL, NULL, NULL, '2026-01-13 16:10:04.019927+00', '2026-01-13 16:10:04.019927+00');
INSERT INTO public.users (id, employee_code, email, password, full_name, full_name_ja, phone, avatar_url, preferred_language, role, level, department_id, is_active, password_reset_token, password_reset_expires, last_login, created_at, updated_at) VALUES ('3c993f50-f175-4ce7-ad4f-4f94aadb668d', 'SPV0011', 'ly.quang.minh11@smartfactory.com', '$2a$12$c6gr9jxvddUdGxNiIs6oXebtsrEOpM3o492y30w4xOZL7hm9/znIe', 'Lý Quang Minh', NULL, '0986468596', NULL, 'vi', 'supervisor', 3, 'b0afefdc-2315-4925-a6ac-d97e1cced912', true, NULL, NULL, NULL, '2026-01-13 16:10:04.378068+00', '2026-01-13 16:10:04.378068+00');
INSERT INTO public.users (id, employee_code, email, password, full_name, full_name_ja, phone, avatar_url, preferred_language, role, level, department_id, is_active, password_reset_token, password_reset_expires, last_login, created_at, updated_at) VALUES ('9d9069b6-8f33-42e5-aa47-7974f5e724b3', 'SPV0012', 'phan.van.dung12@smartfactory.com', '$2a$12$JQ76RafKJJ5EIJxoUUMnHerDVxHxg0eNoFSWFN/5I7LBAUbtjTEfC', 'Phan Văn Dũng', NULL, '0995569114', NULL, 'vi', 'supervisor', 3, 'b6859c5e-0f05-432d-8f9f-0ccb5d13b643', true, NULL, NULL, NULL, '2026-01-13 16:10:04.727565+00', '2026-01-13 16:10:04.727565+00');
INSERT INTO public.users (id, employee_code, email, password, full_name, full_name_ja, phone, avatar_url, preferred_language, role, level, department_id, is_active, password_reset_token, password_reset_expires, last_login, created_at, updated_at) VALUES ('fd47aa06-9e9c-48d5-afae-1acbf68adfdc', 'SPV0013', 'dinh.the.anh13@smartfactory.com', '$2a$12$67w3DK.w1T.fg9DV3ocU1.GmjNLWd77V2iYqnyEoXbpxfKum/5y7u', 'Đinh Thế Anh', NULL, '0944753374', NULL, 'vi', 'supervisor', 3, '6a2df227-c4af-4784-a3bd-210415c4ebaa', true, NULL, NULL, NULL, '2026-01-13 16:10:05.076987+00', '2026-01-13 16:10:05.076987+00');
INSERT INTO public.users (id, employee_code, email, password, full_name, full_name_ja, phone, avatar_url, preferred_language, role, level, department_id, is_active, password_reset_token, password_reset_expires, last_login, created_at, updated_at) VALUES ('dfb1147e-b6d6-4b25-81cc-6eeca2c63ac4', 'SPV0014', 'truong.van.hai14@smartfactory.com', '$2a$12$2INQP92ExwiNd5TLeOFsPe6TtfBwsEZUmkYnlOYjc8EdpKIWlvLEe', 'Trương Văn Hải', NULL, '0979774903', NULL, 'vi', 'supervisor', 3, '44e48126-8fea-4b4e-92fb-126d937398b4', true, NULL, NULL, NULL, '2026-01-13 16:10:05.423396+00', '2026-01-13 16:10:05.423396+00');
INSERT INTO public.users (id, employee_code, email, password, full_name, full_name_ja, phone, avatar_url, preferred_language, role, level, department_id, is_active, password_reset_token, password_reset_expires, last_login, created_at, updated_at) VALUES ('f6addc4d-0df3-47de-a34c-147a921897a2', 'SPV0015', 'cao.xuan.long15@smartfactory.com', '$2a$12$/0qVNUrj7vDEEm7IybVoRuZUCkdICZE.xLZ1SVuyugmSFnglqXnRm', 'Cao Xuân Long', NULL, '0971968127', NULL, 'vi', 'supervisor', 3, 'ff99a528-cc0c-47fa-b27f-b1c9673b7b7a', true, NULL, NULL, NULL, '2026-01-13 16:10:05.769911+00', '2026-01-13 16:10:05.769911+00');
INSERT INTO public.users (id, employee_code, email, password, full_name, full_name_ja, phone, avatar_url, preferred_language, role, level, department_id, is_active, password_reset_token, password_reset_expires, last_login, created_at, updated_at) VALUES ('63d0da0f-446e-491e-810b-465e0480264d', 'SPV0016', 'ho.minh.duc16@smartfactory.com', '$2a$12$yOmtO49YeFpVqwFxdUX4W.zXWuG9QkUVZixvEUw8SDTVmXD4ARiIm', 'Hồ Minh Đức', NULL, '0965847935', NULL, 'vi', 'supervisor', 3, 'a47e7584-56be-4357-a253-59d6b60a4c42', true, NULL, NULL, NULL, '2026-01-13 16:10:06.116965+00', '2026-01-13 16:10:06.116965+00');
INSERT INTO public.users (id, employee_code, email, password, full_name, full_name_ja, phone, avatar_url, preferred_language, role, level, department_id, is_active, password_reset_token, password_reset_expires, last_login, created_at, updated_at) VALUES ('fe547d6b-6d3e-4939-a840-61a1b973d877', 'SPV0017', 'nguyen.thi.huong17@smartfactory.com', '$2a$12$blKu9M9guVUjM0cy1d3sd.t78h97gDjUAPRZkW8JA0excl8Yqr0kq', 'Nguyễn Thị Hương', NULL, '0959023481', NULL, 'vi', 'supervisor', 3, '03d8c96c-6559-4794-90f0-665542f28829', true, NULL, NULL, NULL, '2026-01-13 16:10:06.467121+00', '2026-01-13 16:10:06.467121+00');
INSERT INTO public.users (id, employee_code, email, password, full_name, full_name_ja, phone, avatar_url, preferred_language, role, level, department_id, is_active, password_reset_token, password_reset_expires, last_login, created_at, updated_at) VALUES ('c2b1a9e1-be33-43eb-8911-3c03e7776f22', 'SPV0018', 'tran.thi.mai18@smartfactory.com', '$2a$12$fR8Aw2wBq0dsjXRHMwYYMu7Pbf/83IceXDDf0WdUWM.cx8FZbRn3S', 'Trần Thị Mai', NULL, '0977070789', NULL, 'vi', 'supervisor', 3, 'cfcd5749-cf71-4a9c-ade5-cb1239961f66', true, NULL, NULL, NULL, '2026-01-13 16:10:06.812264+00', '2026-01-13 16:10:06.812264+00');
INSERT INTO public.users (id, employee_code, email, password, full_name, full_name_ja, phone, avatar_url, preferred_language, role, level, department_id, is_active, password_reset_token, password_reset_expires, last_login, created_at, updated_at) VALUES ('71f7a127-84eb-4b2a-a5c4-027deb8149ad', 'SPV0019', 'le.thanh.hoa19@smartfactory.com', '$2a$12$lCtEMSSMdoyTy50zSk3XKeGcW94VmxpoKo/5d6nUY0HzKLIISMndG', 'Lê Thanh Hoa', NULL, '0941131889', NULL, 'vi', 'supervisor', 3, '7af71b31-f304-4c82-aea9-10daa8dff907', true, NULL, NULL, NULL, '2026-01-13 16:10:07.165847+00', '2026-01-13 16:10:07.165847+00');
INSERT INTO public.users (id, employee_code, email, password, full_name, full_name_ja, phone, avatar_url, preferred_language, role, level, department_id, is_active, password_reset_token, password_reset_expires, last_login, created_at, updated_at) VALUES ('17717d61-08bb-43db-92ff-a177f0b4d355', 'TL0020', 'pham.thu.ha20@smartfactory.com', '$2a$12$y794xRABAq8wmFNvwXffBueg9Btl2Cg7TtI4aUDaFJhVFGOQT5m36', 'Phạm Thu Hà', NULL, '0913202782', NULL, 'vi', 'team_leader', 4, 'b0afefdc-2315-4925-a6ac-d97e1cced912', true, NULL, NULL, NULL, '2026-01-13 16:10:07.519399+00', '2026-01-13 16:10:07.519399+00');
INSERT INTO public.users (id, employee_code, email, password, full_name, full_name_ja, phone, avatar_url, preferred_language, role, level, department_id, is_active, password_reset_token, password_reset_expires, last_login, created_at, updated_at) VALUES ('cfda6ad5-0df5-4913-9699-ed783bc73d03', 'TL0021', 'hoang.ngoc.lan21@smartfactory.com', '$2a$12$f25JGueDBhGePN/tq.qnDe4VWcR5fNNAN2hF8R1cTlSRXuVTzJrXO', 'Hoàng Ngọc Lan', NULL, '0980648909', NULL, 'vi', 'team_leader', 4, 'b6859c5e-0f05-432d-8f9f-0ccb5d13b643', true, NULL, NULL, NULL, '2026-01-13 16:10:07.868233+00', '2026-01-13 16:10:07.868233+00');
INSERT INTO public.users (id, employee_code, email, password, full_name, full_name_ja, phone, avatar_url, preferred_language, role, level, department_id, is_active, password_reset_token, password_reset_expires, last_login, created_at, updated_at) VALUES ('dc819361-c2a6-4e17-a52b-d6028c2be2da', 'TL0022', 'vu.thi.linh22@smartfactory.com', '$2a$12$h9dtSzl3bsPzDraCudhKwekOB1wo/Ik3oMeu3wWszgcQdiG1ogyiC', 'Vũ Thị Linh', NULL, '0924082647', NULL, 'vi', 'team_leader', 4, '6a2df227-c4af-4784-a3bd-210415c4ebaa', true, NULL, NULL, NULL, '2026-01-13 16:10:08.222991+00', '2026-01-13 16:10:08.222991+00');
INSERT INTO public.users (id, employee_code, email, password, full_name, full_name_ja, phone, avatar_url, preferred_language, role, level, department_id, is_active, password_reset_token, password_reset_expires, last_login, created_at, updated_at) VALUES ('b67bd434-4ebe-4d6b-8af6-29bb48f25561', 'TL0023', 'dang.minh.ngoc23@smartfactory.com', '$2a$12$8z4vD7O.DixTZ2dR9iGRsexnTFD0gU4j/6.tit7l8U0rkP0TrfIWG', 'Đặng Minh Ngọc', NULL, '0940240487', NULL, 'vi', 'team_leader', 4, '44e48126-8fea-4b4e-92fb-126d937398b4', true, NULL, NULL, NULL, '2026-01-13 16:10:08.591396+00', '2026-01-13 16:10:08.591396+00');
INSERT INTO public.users (id, employee_code, email, password, full_name, full_name_ja, phone, avatar_url, preferred_language, role, level, department_id, is_active, password_reset_token, password_reset_expires, last_login, created_at, updated_at) VALUES ('dea337a3-bc19-4807-a923-9203f662f8ee', 'TL0024', 'bui.thi.thanh24@smartfactory.com', '$2a$12$du32b4B8hc2BlMfbTN6aE.QREjlVY4c2UuS5u7qjAFVaSDVGm9tby', 'Bùi Thị Thanh', NULL, '0934934589', NULL, 'vi', 'team_leader', 4, 'ff99a528-cc0c-47fa-b27f-b1c9673b7b7a', true, NULL, NULL, NULL, '2026-01-13 16:10:08.940037+00', '2026-01-13 16:10:08.940037+00');
INSERT INTO public.users (id, employee_code, email, password, full_name, full_name_ja, phone, avatar_url, preferred_language, role, level, department_id, is_active, password_reset_token, password_reset_expires, last_login, created_at, updated_at) VALUES ('18d28e8e-573d-4c81-b41f-4de612842481', 'TL0025', 'do.thi.huyen25@smartfactory.com', '$2a$12$yZS6La11ynIS492bbNZwh.hfcx0LyDml/a39kgKNDs4IRaP7tFVMa', 'Đỗ Thị Huyền', NULL, '0955923576', NULL, 'vi', 'team_leader', 4, 'a47e7584-56be-4357-a253-59d6b60a4c42', true, NULL, NULL, NULL, '2026-01-13 16:10:09.285795+00', '2026-01-13 16:10:09.285795+00');
INSERT INTO public.users (id, employee_code, email, password, full_name, full_name_ja, phone, avatar_url, preferred_language, role, level, department_id, is_active, password_reset_token, password_reset_expires, last_login, created_at, updated_at) VALUES ('8f754b16-9b6d-4975-abb0-d65f56eb0ce0', 'TL0026', 'ngo.thi.yen26@smartfactory.com', '$2a$12$MEFoGYqXX4Z2ugPBZ723KeE9GbDJlui24Ouc5pk9PhImfZpLszmOC', 'Ngô Thị Yến', NULL, '0967312470', NULL, 'vi', 'team_leader', 4, '03d8c96c-6559-4794-90f0-665542f28829', true, NULL, NULL, NULL, '2026-01-13 16:10:09.642417+00', '2026-01-13 16:10:09.642417+00');
INSERT INTO public.users (id, employee_code, email, password, full_name, full_name_ja, phone, avatar_url, preferred_language, role, level, department_id, is_active, password_reset_token, password_reset_expires, last_login, created_at, updated_at) VALUES ('31935ba8-b8f6-4423-86bb-67818c34c937', 'TL0027', 'ly.thi.kim27@smartfactory.com', '$2a$12$wf/HKqUet5jVToCuLyqjc.BqtO9h9qlViAuYk78rLgU3ogDN.6Mry', 'Lý Thị Kim', NULL, '0993994939', NULL, 'vi', 'team_leader', 4, 'cfcd5749-cf71-4a9c-ade5-cb1239961f66', true, NULL, NULL, NULL, '2026-01-13 16:10:09.994632+00', '2026-01-13 16:10:09.994632+00');
INSERT INTO public.users (id, employee_code, email, password, full_name, full_name_ja, phone, avatar_url, preferred_language, role, level, department_id, is_active, password_reset_token, password_reset_expires, last_login, created_at, updated_at) VALUES ('9aad5eaa-3626-4cd6-90e4-c1e1746df4a4', 'TL0028', 'phan.thi.nhung28@smartfactory.com', '$2a$12$uU5Fx6k5maARSe5bLuk/uumcV6SvsWJeyh27YSs0VrTaGa0WvHsgu', 'Phan Thị Nhung', NULL, '0948727741', NULL, 'vi', 'team_leader', 4, '7af71b31-f304-4c82-aea9-10daa8dff907', true, NULL, NULL, NULL, '2026-01-13 16:10:10.343164+00', '2026-01-13 16:10:10.343164+00');
INSERT INTO public.users (id, employee_code, email, password, full_name, full_name_ja, phone, avatar_url, preferred_language, role, level, department_id, is_active, password_reset_token, password_reset_expires, last_login, created_at, updated_at) VALUES ('450a0178-9818-44f7-b8ac-346ef081a26f', 'TL0029', 'nguyen.van.an29@smartfactory.com', '$2a$12$WRLUp0Ce2Li7g7fLDDOz3eO.ieMAfI9d6NJAKnIhtF7/.SZdBB5y6', 'Nguyễn Văn An', NULL, '0949917041', NULL, 'vi', 'team_leader', 4, 'b0afefdc-2315-4925-a6ac-d97e1cced912', true, NULL, NULL, NULL, '2026-01-13 16:10:10.720445+00', '2026-01-13 16:10:10.720445+00');
INSERT INTO public.users (id, employee_code, email, password, full_name, full_name_ja, phone, avatar_url, preferred_language, role, level, department_id, is_active, password_reset_token, password_reset_expires, last_login, created_at, updated_at) VALUES ('0161845b-49ae-4997-9c76-096a0122a4e0', 'TL0030', 'tran.minh.tuan30@smartfactory.com', '$2a$12$ZEU7Y6XZkUUTkn.L1YPqGuWZ7ovG6/d9VdHzwLXYn8n4KEjelPohG', 'Trần Minh Tuấn', NULL, '0985362614', NULL, 'vi', 'team_leader', 4, 'b6859c5e-0f05-432d-8f9f-0ccb5d13b643', true, NULL, NULL, NULL, '2026-01-13 16:10:11.077377+00', '2026-01-13 16:10:11.077377+00');
INSERT INTO public.users (id, employee_code, email, password, full_name, full_name_ja, phone, avatar_url, preferred_language, role, level, department_id, is_active, password_reset_token, password_reset_expires, last_login, created_at, updated_at) VALUES ('e59997c4-fd2f-4547-9add-0ea83b4ea9c2', 'TL0031', 'le.hoang.nam31@smartfactory.com', '$2a$12$4tietWXFCLXbexPGSMC26OS8UAIz.Tk3AHwb/tbKEz.Qd5sRgkYlO', 'Lê Hoàng Nam', NULL, '0939253630', NULL, 'vi', 'team_leader', 4, '6a2df227-c4af-4784-a3bd-210415c4ebaa', true, NULL, NULL, NULL, '2026-01-13 16:10:11.426135+00', '2026-01-13 16:10:11.426135+00');
INSERT INTO public.users (id, employee_code, email, password, full_name, full_name_ja, phone, avatar_url, preferred_language, role, level, department_id, is_active, password_reset_token, password_reset_expires, last_login, created_at, updated_at) VALUES ('53c6e83d-0ae6-45fc-ad62-3b0a5688287f', 'TL0032', 'pham.duc.hung32@smartfactory.com', '$2a$12$3xVKfdahh5v08BFS9FUUsO.QkbxlqFgu7o2AbcLIp3yr.0hr90mu.', 'Phạm Đức Hùng', NULL, '0919011692', NULL, 'vi', 'team_leader', 4, '44e48126-8fea-4b4e-92fb-126d937398b4', true, NULL, NULL, NULL, '2026-01-13 16:10:11.777293+00', '2026-01-13 16:10:11.777293+00');
INSERT INTO public.users (id, employee_code, email, password, full_name, full_name_ja, phone, avatar_url, preferred_language, role, level, department_id, is_active, password_reset_token, password_reset_expires, last_login, created_at, updated_at) VALUES ('8a46f4f7-bc8a-46a2-b1fd-59065a4fe86a', 'TL0033', 'hoang.van.thang33@smartfactory.com', '$2a$12$A7q3NX9i/fwWLNPsOzs/.uTEgLBSeOeBxuKbIjpFRhglxrJ5Vjgwq', 'Hoàng Văn Thắng', NULL, '0931396844', NULL, 'vi', 'team_leader', 4, 'ff99a528-cc0c-47fa-b27f-b1c9673b7b7a', true, NULL, NULL, NULL, '2026-01-13 16:10:12.136175+00', '2026-01-13 16:10:12.136175+00');
INSERT INTO public.users (id, employee_code, email, password, full_name, full_name_ja, phone, avatar_url, preferred_language, role, level, department_id, is_active, password_reset_token, password_reset_expires, last_login, created_at, updated_at) VALUES ('4926161a-729b-43b0-b41f-9e438be6247a', 'TL0034', 'vu.dinh.khoa34@smartfactory.com', '$2a$12$kNYz4wwjatgLAnPPY4q6KePs7ayRkS/8hJ0mHJSjMwGC5u2f16suC', 'Vũ Đình Khoa', NULL, '0931484141', NULL, 'vi', 'team_leader', 4, 'a47e7584-56be-4357-a253-59d6b60a4c42', true, NULL, NULL, NULL, '2026-01-13 16:10:12.478804+00', '2026-01-13 16:10:12.478804+00');
INSERT INTO public.users (id, employee_code, email, password, full_name, full_name_ja, phone, avatar_url, preferred_language, role, level, department_id, is_active, password_reset_token, password_reset_expires, last_login, created_at, updated_at) VALUES ('24f13fca-5471-4a46-b642-eccc358f71b8', 'TL0035', 'dang.quoc.toan35@smartfactory.com', '$2a$12$qBihsjp3ht.50l3/q2XVCe3JcdbxwG/697Yd/ja1SOQVQhJu73c66', 'Đặng Quốc Toàn', NULL, '0911638078', NULL, 'vi', 'team_leader', 4, '03d8c96c-6559-4794-90f0-665542f28829', true, NULL, NULL, NULL, '2026-01-13 16:10:12.829997+00', '2026-01-13 16:10:12.829997+00');
INSERT INTO public.users (id, employee_code, email, password, full_name, full_name_ja, phone, avatar_url, preferred_language, role, level, department_id, is_active, password_reset_token, password_reset_expires, last_login, created_at, updated_at) VALUES ('43b65954-237a-4887-b504-58e0563ca459', 'TL0036', 'bui.thanh.tung36@smartfactory.com', '$2a$12$BJAjtC65cYGiZNZMBuuD0em5.BGcWOWHcY.R/pHQB/jJEC1/NpMHW', 'Bùi Thanh Tùng', NULL, '0983459009', NULL, 'vi', 'team_leader', 4, 'cfcd5749-cf71-4a9c-ade5-cb1239961f66', true, NULL, NULL, NULL, '2026-01-13 16:10:13.178281+00', '2026-01-13 16:10:13.178281+00');
INSERT INTO public.users (id, employee_code, email, password, full_name, full_name_ja, phone, avatar_url, preferred_language, role, level, department_id, is_active, password_reset_token, password_reset_expires, last_login, created_at, updated_at) VALUES ('e56c5ff5-8ea1-4450-b79b-5c6494917d59', 'TL0037', 'do.manh.cuong37@smartfactory.com', '$2a$12$rLR0lf595WqLLk.chLbFs.wGHicRW4ZMVCUNZuJfyJ9bQ.z4U6kOW', 'Đỗ Mạnh Cường', NULL, '0997242111', NULL, 'vi', 'team_leader', 4, '7af71b31-f304-4c82-aea9-10daa8dff907', true, NULL, NULL, NULL, '2026-01-13 16:10:13.522913+00', '2026-01-13 16:10:13.522913+00');
INSERT INTO public.users (id, employee_code, email, password, full_name, full_name_ja, phone, avatar_url, preferred_language, role, level, department_id, is_active, password_reset_token, password_reset_expires, last_login, created_at, updated_at) VALUES ('5e9672db-cc58-49e3-9229-ed891b47a78b', 'OP0038', 'ngo.van.binh38@smartfactory.com', '$2a$12$q9YDtU/BTXHOup2cuifixenggvatFeufRPX2AHSMuvQfdyhqDQdbq', 'Ngô Văn Bình', NULL, '0917986183', NULL, 'vi', 'operator', 5, 'b0afefdc-2315-4925-a6ac-d97e1cced912', true, NULL, NULL, NULL, '2026-01-13 16:10:13.869503+00', '2026-01-13 16:10:13.869503+00');
INSERT INTO public.users (id, employee_code, email, password, full_name, full_name_ja, phone, avatar_url, preferred_language, role, level, department_id, is_active, password_reset_token, password_reset_expires, last_login, created_at, updated_at) VALUES ('90ac636a-60d1-42f0-b65f-a8e0a2a3735b', 'OP0039', 'ly.quang.minh39@smartfactory.com', '$2a$12$phH.JANtxw0x5rzYLfIVu.GC104cUSuC4c0fCwB5gKhtwNGN4VwBm', 'Lý Quang Minh', NULL, '0976386500', NULL, 'vi', 'operator', 5, 'b6859c5e-0f05-432d-8f9f-0ccb5d13b643', true, NULL, NULL, NULL, '2026-01-13 16:10:14.222391+00', '2026-01-13 16:10:14.222391+00');
INSERT INTO public.users (id, employee_code, email, password, full_name, full_name_ja, phone, avatar_url, preferred_language, role, level, department_id, is_active, password_reset_token, password_reset_expires, last_login, created_at, updated_at) VALUES ('b09f5b86-b3f2-4cd3-b737-d4caafe70ed7', 'OP0040', 'phan.van.dung40@smartfactory.com', '$2a$12$iCknIuIs1dxTsF2B.VvtgeOoGejCaMWQgL5Mi/F5HCSIR89A7bHUi', 'Phan Văn Dũng', NULL, '0952767423', NULL, 'vi', 'operator', 5, '6a2df227-c4af-4784-a3bd-210415c4ebaa', true, NULL, NULL, NULL, '2026-01-13 16:10:14.599081+00', '2026-01-13 16:10:14.599081+00');
INSERT INTO public.users (id, employee_code, email, password, full_name, full_name_ja, phone, avatar_url, preferred_language, role, level, department_id, is_active, password_reset_token, password_reset_expires, last_login, created_at, updated_at) VALUES ('3ca8cc77-74f2-4d50-aa9f-130465b3b8bd', 'OP0041', 'dinh.the.anh41@smartfactory.com', '$2a$12$oEDNwdfIrAKFq3jaQu5BH.Bo0hzNm2fqYPhWTYn0z0FY1s35Mddme', 'Đinh Thế Anh', NULL, '0979645123', NULL, 'vi', 'operator', 5, '44e48126-8fea-4b4e-92fb-126d937398b4', true, NULL, NULL, NULL, '2026-01-13 16:10:14.942465+00', '2026-01-13 16:10:14.942465+00');
INSERT INTO public.users (id, employee_code, email, password, full_name, full_name_ja, phone, avatar_url, preferred_language, role, level, department_id, is_active, password_reset_token, password_reset_expires, last_login, created_at, updated_at) VALUES ('8eb06d9a-8410-45de-afee-68e4d8e53d6f', 'OP0042', 'truong.van.hai42@smartfactory.com', '$2a$12$AalLdy7xtZY/JRhUpBHcVe0ooJKhDCqd9B/89sQ1AdRQho.tG77eq', 'Trương Văn Hải', NULL, '0922382531', NULL, 'vi', 'operator', 5, 'ff99a528-cc0c-47fa-b27f-b1c9673b7b7a', true, NULL, NULL, NULL, '2026-01-13 16:10:15.292304+00', '2026-01-13 16:10:15.292304+00');
INSERT INTO public.users (id, employee_code, email, password, full_name, full_name_ja, phone, avatar_url, preferred_language, role, level, department_id, is_active, password_reset_token, password_reset_expires, last_login, created_at, updated_at) VALUES ('1196b1e3-7131-4a89-8a90-b528e7ac3390', 'OP0043', 'cao.xuan.long43@smartfactory.com', '$2a$12$mI278FUuf1s1LBHSxnIczuLeauIvVzOeI8wMsyvTHBgETlsh8rIty', 'Cao Xuân Long', NULL, '0943944444', NULL, 'vi', 'operator', 5, 'a47e7584-56be-4357-a253-59d6b60a4c42', true, NULL, NULL, NULL, '2026-01-13 16:10:15.63638+00', '2026-01-13 16:10:15.63638+00');
INSERT INTO public.users (id, employee_code, email, password, full_name, full_name_ja, phone, avatar_url, preferred_language, role, level, department_id, is_active, password_reset_token, password_reset_expires, last_login, created_at, updated_at) VALUES ('fce576f0-c11c-4f19-a91f-a9d634137d7c', 'OP0044', 'ho.minh.duc44@smartfactory.com', '$2a$12$jTK36bO1VB4Z.CLa7ljU9eVB4AR2mpP1RyDu4EJrh5FBD3iBPH6KC', 'Hồ Minh Đức', NULL, '0930058486', NULL, 'vi', 'operator', 5, '03d8c96c-6559-4794-90f0-665542f28829', true, NULL, NULL, NULL, '2026-01-13 16:10:15.988755+00', '2026-01-13 16:10:15.988755+00');
INSERT INTO public.users (id, employee_code, email, password, full_name, full_name_ja, phone, avatar_url, preferred_language, role, level, department_id, is_active, password_reset_token, password_reset_expires, last_login, created_at, updated_at) VALUES ('3c992901-0b29-4be2-8405-29a1e6fbb51b', 'OP0045', 'nguyen.thi.huong45@smartfactory.com', '$2a$12$zvnhBNIKE435YD/nbTeEsO7B7zaRGMCtRSohYx30MvP8R.GDiKnSm', 'Nguyễn Thị Hương', NULL, '0948953273', NULL, 'vi', 'operator', 5, 'cfcd5749-cf71-4a9c-ade5-cb1239961f66', true, NULL, NULL, NULL, '2026-01-13 16:10:16.336051+00', '2026-01-13 16:10:16.336051+00');
INSERT INTO public.users (id, employee_code, email, password, full_name, full_name_ja, phone, avatar_url, preferred_language, role, level, department_id, is_active, password_reset_token, password_reset_expires, last_login, created_at, updated_at) VALUES ('5a33a298-faa5-4679-ad1c-46412a4e2bcc', 'OP0046', 'tran.thi.mai46@smartfactory.com', '$2a$12$FPLFRTz7q4CYMA9tB.5E6O6BqAE1z7oMn.cFGY2NzurGZpIbxzQlS', 'Trần Thị Mai', NULL, '0947231166', NULL, 'vi', 'operator', 5, '7af71b31-f304-4c82-aea9-10daa8dff907', true, NULL, NULL, NULL, '2026-01-13 16:10:16.688744+00', '2026-01-13 16:10:16.688744+00');
INSERT INTO public.users (id, employee_code, email, password, full_name, full_name_ja, phone, avatar_url, preferred_language, role, level, department_id, is_active, password_reset_token, password_reset_expires, last_login, created_at, updated_at) VALUES ('026be069-cecf-4354-a8c5-241ad97e07dd', 'OP0047', 'le.thanh.hoa47@smartfactory.com', '$2a$12$VoodotsV0hKiyS6hG8hyS.IjU0velIZk07NGXra2sFt3Lv73E8N3m', 'Lê Thanh Hoa', NULL, '0986910142', NULL, 'vi', 'operator', 5, 'b0afefdc-2315-4925-a6ac-d97e1cced912', true, NULL, NULL, NULL, '2026-01-13 16:10:17.039021+00', '2026-01-13 16:10:17.039021+00');
INSERT INTO public.users (id, employee_code, email, password, full_name, full_name_ja, phone, avatar_url, preferred_language, role, level, department_id, is_active, password_reset_token, password_reset_expires, last_login, created_at, updated_at) VALUES ('76657289-c243-43b7-b473-8ad9eed70716', 'OP0048', 'pham.thu.ha48@smartfactory.com', '$2a$12$JmudNTqwLQkKDYQV3ELf1OszHMyL5e4KD.f.HygJLdZ6Ks.yc2klK', 'Phạm Thu Hà', NULL, '0915119186', NULL, 'vi', 'operator', 5, 'b6859c5e-0f05-432d-8f9f-0ccb5d13b643', true, NULL, NULL, NULL, '2026-01-13 16:10:17.381672+00', '2026-01-13 16:10:17.381672+00');
INSERT INTO public.users (id, employee_code, email, password, full_name, full_name_ja, phone, avatar_url, preferred_language, role, level, department_id, is_active, password_reset_token, password_reset_expires, last_login, created_at, updated_at) VALUES ('9461d09f-79b2-4056-86ef-1488b8ffdc17', 'OP0049', 'hoang.ngoc.lan49@smartfactory.com', '$2a$12$PMvXO.g8JraWIg/8kzzz8.plQyBcwVJ5DqeP.fnzW2GI0smGiEvlW', 'Hoàng Ngọc Lan', NULL, '0927889979', NULL, 'vi', 'operator', 5, '6a2df227-c4af-4784-a3bd-210415c4ebaa', true, NULL, NULL, NULL, '2026-01-13 16:10:17.731343+00', '2026-01-13 16:10:17.731343+00');
INSERT INTO public.users (id, employee_code, email, password, full_name, full_name_ja, phone, avatar_url, preferred_language, role, level, department_id, is_active, password_reset_token, password_reset_expires, last_login, created_at, updated_at) VALUES ('19ff246a-8561-4463-88d3-0e745c7bad41', 'OP0050', 'vu.thi.linh50@smartfactory.com', '$2a$12$wcIj6B8FtSjyFmgCZicrNegtZr34ywwobfX28UE.HJR.qDfcPqi0y', 'Vũ Thị Linh', NULL, '0967153846', NULL, 'vi', 'operator', 5, '44e48126-8fea-4b4e-92fb-126d937398b4', true, NULL, NULL, NULL, '2026-01-13 16:10:18.084893+00', '2026-01-13 16:10:18.084893+00');
INSERT INTO public.users (id, employee_code, email, password, full_name, full_name_ja, phone, avatar_url, preferred_language, role, level, department_id, is_active, password_reset_token, password_reset_expires, last_login, created_at, updated_at) VALUES ('200bedac-a1e9-48ef-83c3-bc128afd8e13', 'OP0051', 'dang.minh.ngoc51@smartfactory.com', '$2a$12$YnM7jvNsRXTGBfHsomyCYecMGXS7e5Bj6CyiPPAR3AjdXtcNyrhsG', 'Đặng Minh Ngọc', NULL, '0924406967', NULL, 'vi', 'operator', 5, 'ff99a528-cc0c-47fa-b27f-b1c9673b7b7a', true, NULL, NULL, NULL, '2026-01-13 16:10:18.433125+00', '2026-01-13 16:10:18.433125+00');
INSERT INTO public.users (id, employee_code, email, password, full_name, full_name_ja, phone, avatar_url, preferred_language, role, level, department_id, is_active, password_reset_token, password_reset_expires, last_login, created_at, updated_at) VALUES ('a0db58ae-d511-42bc-9a9c-2244026e3b3f', 'OP0052', 'bui.thi.thanh52@smartfactory.com', '$2a$12$/LsIvjmo/yL6eIkax34K2.aTJiKiiLoxXgal/2oZl9HcmYOD9XDlO', 'Bùi Thị Thanh', NULL, '0923155534', NULL, 'vi', 'operator', 5, 'a47e7584-56be-4357-a253-59d6b60a4c42', true, NULL, NULL, NULL, '2026-01-13 16:10:18.778711+00', '2026-01-13 16:10:18.778711+00');
INSERT INTO public.users (id, employee_code, email, password, full_name, full_name_ja, phone, avatar_url, preferred_language, role, level, department_id, is_active, password_reset_token, password_reset_expires, last_login, created_at, updated_at) VALUES ('58575a55-2448-4ca5-bdb5-57dc47d15979', 'OP0053', 'do.thi.huyen53@smartfactory.com', '$2a$12$/bE3RtHkkxtDLBbLwzyj/e2TcRU0nfbSIIUGBu.2qlrGuMidDL/sa', 'Đỗ Thị Huyền', NULL, '0948234496', NULL, 'vi', 'operator', 5, '03d8c96c-6559-4794-90f0-665542f28829', true, NULL, NULL, NULL, '2026-01-13 16:10:19.125724+00', '2026-01-13 16:10:19.125724+00');
INSERT INTO public.users (id, employee_code, email, password, full_name, full_name_ja, phone, avatar_url, preferred_language, role, level, department_id, is_active, password_reset_token, password_reset_expires, last_login, created_at, updated_at) VALUES ('4896697d-923c-41de-bdb7-0a69f7e6f128', 'OP0054', 'ngo.thi.yen54@smartfactory.com', '$2a$12$DIgq3Xh1BRbJbI8L08q/e.RyO4VIFXjLY2AgDp6s8J30eKNAqQoWm', 'Ngô Thị Yến', NULL, '0965249877', NULL, 'vi', 'operator', 5, 'cfcd5749-cf71-4a9c-ade5-cb1239961f66', true, NULL, NULL, NULL, '2026-01-13 16:10:19.471833+00', '2026-01-13 16:10:19.471833+00');
INSERT INTO public.users (id, employee_code, email, password, full_name, full_name_ja, phone, avatar_url, preferred_language, role, level, department_id, is_active, password_reset_token, password_reset_expires, last_login, created_at, updated_at) VALUES ('f55b3a42-f5eb-4ff4-9036-d7a9c1a2ff18', 'OP0055', 'ly.thi.kim55@smartfactory.com', '$2a$12$o4kQth577LV8BuOTpm6SnuHC3isGckgypKIwgiWnQL/Nt/aBCkW32', 'Lý Thị Kim', NULL, '0911764796', NULL, 'vi', 'operator', 5, '7af71b31-f304-4c82-aea9-10daa8dff907', true, NULL, NULL, NULL, '2026-01-13 16:10:19.818167+00', '2026-01-13 16:10:19.818167+00');
INSERT INTO public.users (id, employee_code, email, password, full_name, full_name_ja, phone, avatar_url, preferred_language, role, level, department_id, is_active, password_reset_token, password_reset_expires, last_login, created_at, updated_at) VALUES ('965f4638-0d26-4d19-b376-7cd60c883375', 'OP0056', 'phan.thi.nhung56@smartfactory.com', '$2a$12$7TwUDqKOqyFYQgs3DptQ9ugVBiiQzXNn5HDjyLtUu/rk99hl4dA/e', 'Phan Thị Nhung', NULL, '0968253355', NULL, 'vi', 'operator', 5, 'b0afefdc-2315-4925-a6ac-d97e1cced912', true, NULL, NULL, NULL, '2026-01-13 16:10:20.172167+00', '2026-01-13 16:10:20.172167+00');
INSERT INTO public.users (id, employee_code, email, password, full_name, full_name_ja, phone, avatar_url, preferred_language, role, level, department_id, is_active, password_reset_token, password_reset_expires, last_login, created_at, updated_at) VALUES ('b0f0d949-be7d-49e8-a329-9b941601016e', 'OP0057', 'nguyen.van.an57@smartfactory.com', '$2a$12$WuElyFvWo5MPCwhJ7u5UbuSpiNt1O6lrzvR14o.LMzQei3FQNqDPS', 'Nguyễn Văn An', NULL, '0966283398', NULL, 'vi', 'operator', 5, 'b6859c5e-0f05-432d-8f9f-0ccb5d13b643', true, NULL, NULL, NULL, '2026-01-13 16:10:20.526564+00', '2026-01-13 16:10:20.526564+00');
INSERT INTO public.users (id, employee_code, email, password, full_name, full_name_ja, phone, avatar_url, preferred_language, role, level, department_id, is_active, password_reset_token, password_reset_expires, last_login, created_at, updated_at) VALUES ('7e28428a-1a09-4be9-969c-6bc9996723c6', 'TECH0058', 'tran.minh.tuan58@smartfactory.com', '$2a$12$Z9Bl08MQ3WyxD.oYj/hexumNpIaZ5Nmjxivs/VMvs6AkpR3VbtLju', 'Trần Minh Tuấn', NULL, '0945767722', NULL, 'vi', 'technician', 5, 'b0afefdc-2315-4925-a6ac-d97e1cced912', true, NULL, NULL, NULL, '2026-01-13 16:10:20.874258+00', '2026-01-13 16:10:20.874258+00');
INSERT INTO public.users (id, employee_code, email, password, full_name, full_name_ja, phone, avatar_url, preferred_language, role, level, department_id, is_active, password_reset_token, password_reset_expires, last_login, created_at, updated_at) VALUES ('8ef24622-12ec-404a-8979-9e59017046ef', 'TECH0059', 'le.hoang.nam59@smartfactory.com', '$2a$12$lQLIxbu9.dKmrIrrBBkZ.uyC.r3kPUOb19YwvvqQfC4Vd8G.tZA1C', 'Lê Hoàng Nam', NULL, '0947699399', NULL, 'vi', 'technician', 5, 'b6859c5e-0f05-432d-8f9f-0ccb5d13b643', true, NULL, NULL, NULL, '2026-01-13 16:10:21.225574+00', '2026-01-13 16:10:21.225574+00');
INSERT INTO public.users (id, employee_code, email, password, full_name, full_name_ja, phone, avatar_url, preferred_language, role, level, department_id, is_active, password_reset_token, password_reset_expires, last_login, created_at, updated_at) VALUES ('cf2e6e92-0f7b-48c8-87c5-5449302470ae', 'TECH0060', 'pham.duc.hung60@smartfactory.com', '$2a$12$Q3Nn/.azA6inU8EljQp2DOPHpaAQglGdFTsXlgurzUtS37PcDLvtW', 'Phạm Đức Hùng', NULL, '0967417487', NULL, 'vi', 'technician', 5, '6a2df227-c4af-4784-a3bd-210415c4ebaa', true, NULL, NULL, NULL, '2026-01-13 16:10:21.57541+00', '2026-01-13 16:10:21.57541+00');
INSERT INTO public.users (id, employee_code, email, password, full_name, full_name_ja, phone, avatar_url, preferred_language, role, level, department_id, is_active, password_reset_token, password_reset_expires, last_login, created_at, updated_at) VALUES ('3af6320c-02ad-4dab-b13e-a4802f5482ca', 'TECH0061', 'hoang.van.thang61@smartfactory.com', '$2a$12$bCqXTAbn47RYgajbFBn6iehwB6bb.oS8exnQwH5X4AkPmVEbmUesq', 'Hoàng Văn Thắng', NULL, '0979413402', NULL, 'vi', 'technician', 5, '44e48126-8fea-4b4e-92fb-126d937398b4', true, NULL, NULL, NULL, '2026-01-13 16:10:21.952053+00', '2026-01-13 16:10:21.952053+00');
INSERT INTO public.users (id, employee_code, email, password, full_name, full_name_ja, phone, avatar_url, preferred_language, role, level, department_id, is_active, password_reset_token, password_reset_expires, last_login, created_at, updated_at) VALUES ('b876af35-174e-4438-bace-3490465b5260', 'TECH0062', 'vu.dinh.khoa62@smartfactory.com', '$2a$12$lbP6tQ.Qr5q.NKjvrMH5sewvBZUc2wUG7mRGIOqpZp0imRS9LDp0O', 'Vũ Đình Khoa', NULL, '0951353226', NULL, 'vi', 'technician', 5, 'ff99a528-cc0c-47fa-b27f-b1c9673b7b7a', true, NULL, NULL, NULL, '2026-01-13 16:10:22.301282+00', '2026-01-13 16:10:22.301282+00');
INSERT INTO public.users (id, employee_code, email, password, full_name, full_name_ja, phone, avatar_url, preferred_language, role, level, department_id, is_active, password_reset_token, password_reset_expires, last_login, created_at, updated_at) VALUES ('0c14ed40-5a50-4f9e-b6ec-aefe03bddc30', 'QC0063', 'dang.quoc.toan63@smartfactory.com', '$2a$12$jPYGS5FX9hGoBLbgeioLkejpXS4g5W6AjoiDNdf6kj7BVOK0Ls4OC', 'Đặng Quốc Toàn', NULL, '0968712805', NULL, 'vi', 'qc_inspector', 5, 'b0afefdc-2315-4925-a6ac-d97e1cced912', true, NULL, NULL, NULL, '2026-01-13 16:10:22.647078+00', '2026-01-13 16:10:22.647078+00');
INSERT INTO public.users (id, employee_code, email, password, full_name, full_name_ja, phone, avatar_url, preferred_language, role, level, department_id, is_active, password_reset_token, password_reset_expires, last_login, created_at, updated_at) VALUES ('62f4207a-4816-439f-ad93-5e7545a8d034', 'QC0064', 'bui.thanh.tung64@smartfactory.com', '$2a$12$SCbiEg4xxTSRDZll5AYBw.7dolM2CGf3MIYWIY2XnwIK9xYAKQnM6', 'Bùi Thanh Tùng', NULL, '0960516975', NULL, 'vi', 'qc_inspector', 5, 'b6859c5e-0f05-432d-8f9f-0ccb5d13b643', true, NULL, NULL, NULL, '2026-01-13 16:10:23.01686+00', '2026-01-13 16:10:23.01686+00');
INSERT INTO public.users (id, employee_code, email, password, full_name, full_name_ja, phone, avatar_url, preferred_language, role, level, department_id, is_active, password_reset_token, password_reset_expires, last_login, created_at, updated_at) VALUES ('ea643de8-fa94-4940-81b5-c72342664ef4', 'QC0065', 'do.manh.cuong65@smartfactory.com', '$2a$12$cPmDIF0T1A.lfqGrQ2O7Le8/YiRJvp6bCGM93v8ThMKphAaS.0i/W', 'Đỗ Mạnh Cường', NULL, '0917982743', NULL, 'vi', 'qc_inspector', 5, '6a2df227-c4af-4784-a3bd-210415c4ebaa', true, NULL, NULL, NULL, '2026-01-13 16:10:23.375869+00', '2026-01-13 16:10:23.375869+00');
INSERT INTO public.users (id, employee_code, email, password, full_name, full_name_ja, phone, avatar_url, preferred_language, role, level, department_id, is_active, password_reset_token, password_reset_expires, last_login, created_at, updated_at) VALUES ('879685c7-35f0-40d1-bf40-7f565f374d51', 'QC0066', 'ngo.van.binh66@smartfactory.com', '$2a$12$lzGfv.qUN2acoIt94L8jV.JI.Rcc81oattc.aXCxpjRBMyzNaPi/e', 'Ngô Văn Bình', NULL, '0946876224', NULL, 'vi', 'qc_inspector', 5, '44e48126-8fea-4b4e-92fb-126d937398b4', true, NULL, NULL, NULL, '2026-01-13 16:10:23.729983+00', '2026-01-13 16:10:23.729983+00');
INSERT INTO public.users (id, employee_code, email, password, full_name, full_name_ja, phone, avatar_url, preferred_language, role, level, department_id, is_active, password_reset_token, password_reset_expires, last_login, created_at, updated_at) VALUES ('40bea47c-0aba-4849-9115-440f7cb3b76f', 'QC0067', 'ly.quang.minh67@smartfactory.com', '$2a$12$yiQmY7Rus6EMKSmOpoWR0.tZlYnHNmWZKqIrcvqYKyemaoRguKeBm', 'Lý Quang Minh', NULL, '0931206405', NULL, 'vi', 'qc_inspector', 5, 'ff99a528-cc0c-47fa-b27f-b1c9673b7b7a', true, NULL, NULL, NULL, '2026-01-13 16:10:24.07609+00', '2026-01-13 16:10:24.07609+00');
INSERT INTO public.users (id, employee_code, email, password, full_name, full_name_ja, phone, avatar_url, preferred_language, role, level, department_id, is_active, password_reset_token, password_reset_expires, last_login, created_at, updated_at) VALUES ('657417cf-1298-47c9-99db-7a135bc0ebd7', 'MT0068', 'phan.van.dung68@smartfactory.com', '$2a$12$HF67XgNk.T75XN6icGM/O.hP9HCLWn5l8ppzniL8l7XMNTt8aTFBK', 'Phan Văn Dũng', NULL, '0934189695', NULL, 'vi', 'maintenance_staff', 5, 'b0afefdc-2315-4925-a6ac-d97e1cced912', true, NULL, NULL, NULL, '2026-01-13 16:10:24.486984+00', '2026-01-13 16:10:24.486984+00');
INSERT INTO public.users (id, employee_code, email, password, full_name, full_name_ja, phone, avatar_url, preferred_language, role, level, department_id, is_active, password_reset_token, password_reset_expires, last_login, created_at, updated_at) VALUES ('ae7a0017-3b2f-4e6b-a1a7-c2ed2874d138', 'MT0069', 'dinh.the.anh69@smartfactory.com', '$2a$12$FjfYAJ97QkhspkVQyJUvyekM2QCJiIPEkbLuYLtY9hCepg2aV4Oqu', 'Đinh Thế Anh', NULL, '0923304146', NULL, 'vi', 'maintenance_staff', 5, 'b6859c5e-0f05-432d-8f9f-0ccb5d13b643', true, NULL, NULL, NULL, '2026-01-13 16:10:24.831435+00', '2026-01-13 16:10:24.831435+00');
INSERT INTO public.users (id, employee_code, email, password, full_name, full_name_ja, phone, avatar_url, preferred_language, role, level, department_id, is_active, password_reset_token, password_reset_expires, last_login, created_at, updated_at) VALUES ('3ef1ccce-54e3-4705-9e46-b621fcae60d7', 'MT0070', 'truong.van.hai70@smartfactory.com', '$2a$12$coTDmjOxRICt3kvq0H8sB.OqDENl4PRVLXPlyFbxmDLvqpzFuVRea', 'Trương Văn Hải', NULL, '0952529171', NULL, 'vi', 'maintenance_staff', 5, '6a2df227-c4af-4784-a3bd-210415c4ebaa', true, NULL, NULL, NULL, '2026-01-13 16:10:25.186126+00', '2026-01-13 16:10:25.186126+00');
INSERT INTO public.users (id, employee_code, email, password, full_name, full_name_ja, phone, avatar_url, preferred_language, role, level, department_id, is_active, password_reset_token, password_reset_expires, last_login, created_at, updated_at) VALUES ('da70946e-064a-4749-8a2f-777f3a32f329', 'MT0071', 'cao.xuan.long71@smartfactory.com', '$2a$12$hBFmzaa.rolRm7mMb7ooY.KSz9Apg7.qv9emG6oYFJwniaYi9/trq', 'Cao Xuân Long', NULL, '0974352394', NULL, 'vi', 'maintenance_staff', 5, '44e48126-8fea-4b4e-92fb-126d937398b4', true, NULL, NULL, NULL, '2026-01-13 16:10:25.557376+00', '2026-01-13 16:10:25.557376+00');
INSERT INTO public.users (id, employee_code, email, password, full_name, full_name_ja, phone, avatar_url, preferred_language, role, level, department_id, is_active, password_reset_token, password_reset_expires, last_login, created_at, updated_at) VALUES ('9888296b-f8cc-474c-a1ff-03415328b76f', 'MT0072', 'ho.minh.duc72@smartfactory.com', '$2a$12$DGnWJ.nrSQrzX2ySdq9mIeUpXO/UGkJckPCa42A6UuMPLWL0TZ8dW', 'Hồ Minh Đức', NULL, '0992681905', NULL, 'vi', 'maintenance_staff', 5, 'ff99a528-cc0c-47fa-b27f-b1c9673b7b7a', true, NULL, NULL, NULL, '2026-01-13 16:10:25.904309+00', '2026-01-13 16:10:25.904309+00');
INSERT INTO public.users (id, employee_code, email, password, full_name, full_name_ja, phone, avatar_url, preferred_language, role, level, department_id, is_active, password_reset_token, password_reset_expires, last_login, created_at, updated_at) VALUES ('31774636-6eeb-4b36-b122-8e2598727962', 'VW0073', 'nguyen.thi.huong73@smartfactory.com', '$2a$12$r4m0HyEPVwX7z8A2R03gquaYQfLW9gkBy6CAg/yEeUjmmQIWOwb2m', 'Nguyễn Thị Hương', NULL, '0999080395', NULL, 'vi', 'viewer', 6, 'b0afefdc-2315-4925-a6ac-d97e1cced912', true, NULL, NULL, NULL, '2026-01-13 16:10:26.256029+00', '2026-01-13 16:10:26.256029+00');
INSERT INTO public.users (id, employee_code, email, password, full_name, full_name_ja, phone, avatar_url, preferred_language, role, level, department_id, is_active, password_reset_token, password_reset_expires, last_login, created_at, updated_at) VALUES ('6ee1c164-94aa-472e-928d-248699ca8bd3', 'VW0074', 'tran.thi.mai74@smartfactory.com', '$2a$12$HQXWANw2ynufRxYgDGVfh.hAqg5YQC9F28jMaXpHsaWPGb0wJGL7K', 'Trần Thị Mai', NULL, '0985587833', NULL, 'vi', 'viewer', 6, 'b6859c5e-0f05-432d-8f9f-0ccb5d13b643', true, NULL, NULL, NULL, '2026-01-13 16:10:26.66065+00', '2026-01-13 16:10:26.66065+00');
INSERT INTO public.users (id, employee_code, email, password, full_name, full_name_ja, phone, avatar_url, preferred_language, role, level, department_id, is_active, password_reset_token, password_reset_expires, last_login, created_at, updated_at) VALUES ('9616cb36-f2e2-464c-aba5-98cc4fd52a8c', 'VW0075', 'le.thanh.hoa75@smartfactory.com', '$2a$12$v8aHECMWBsgc/miVG02WquximgtkFDfd6jxoo5ckqVu7klEPd74eW', 'Lê Thanh Hoa', NULL, '0992819466', NULL, 'vi', 'viewer', 6, '6a2df227-c4af-4784-a3bd-210415c4ebaa', true, NULL, NULL, NULL, '2026-01-13 16:10:27.008975+00', '2026-01-13 16:10:27.008975+00');
INSERT INTO public.users (id, employee_code, email, password, full_name, full_name_ja, phone, avatar_url, preferred_language, role, level, department_id, is_active, password_reset_token, password_reset_expires, last_login, created_at, updated_at) VALUES ('4433114b-be0f-4932-9c69-0a8d9c4d53e8', 'ADMIN001', 'admin@smartfactory.com', '$2a$12$c5ugsnYJiLKp0Hvp0qZ9/eY9oVJcbb9e6G8gxgE/nygub5c4asUky', 'System Administrator', NULL, NULL, NULL, 'vi', 'admin', 1, NULL, true, NULL, NULL, '2026-01-14 02:54:14.147106+00', '2026-01-13 16:09:59.457242+00', '2026-01-14 02:54:14.147106+00');


ALTER TABLE public.users ENABLE TRIGGER ALL;

--
-- Data for Name: ideas; Type: TABLE DATA; Schema: public; Owner: smartfactory
--

ALTER TABLE public.ideas DISABLE TRIGGER ALL;

INSERT INTO public.ideas (id, ideabox_type, category, title, title_ja, description, description_ja, expected_benefit, expected_benefit_ja, submitter_id, department_id, is_anonymous, assigned_to, status, difficulty, handler_level, escalation_level, escalated_to, escalated_at, current_handler_level, attachments, reviewed_by, reviewed_at, review_notes, review_notes_ja, feasibility_score, impact_score, implemented_at, implementation_notes, implementation_notes_ja, actual_benefit, actual_benefit_ja, created_at, updated_at) VALUES ('adb7a810-2ec1-44ef-9317-5e6a214580a8', 'white', 'process_improvement', 'Cải tiến quy trình kiểm tra chất lượng', NULL, 'Đề xuất sử dụng camera AI để tự động phát hiện lỗi trên sản phẩm, giảm thời gian kiểm tra từ 30 giây xuống 5 giây mỗi sản phẩm.', NULL, 'Tăng năng suất kiểm tra 500%, giảm chi phí nhân công kiểm tra.', NULL, '4433114b-be0f-4932-9c69-0a8d9c4d53e8', 'b0afefdc-2315-4925-a6ac-d97e1cced912', false, NULL, 'pending', NULL, 1, 0, NULL, NULL, NULL, '[]', NULL, NULL, NULL, NULL, NULL, NULL, NULL, NULL, NULL, NULL, NULL, '2026-01-13 16:10:28.339027+00', '2026-01-13 16:10:28.339027+00');
INSERT INTO public.ideas (id, ideabox_type, category, title, title_ja, description, description_ja, expected_benefit, expected_benefit_ja, submitter_id, department_id, is_anonymous, assigned_to, status, difficulty, handler_level, escalation_level, escalated_to, escalated_at, current_handler_level, attachments, reviewed_by, reviewed_at, review_notes, review_notes_ja, feasibility_score, impact_score, implemented_at, implementation_notes, implementation_notes_ja, actual_benefit, actual_benefit_ja, created_at, updated_at) VALUES ('05bec596-723f-4860-91e7-7a87779dba9a', 'white', 'cost_reduction', 'Tái sử dụng vật liệu đóng gói', NULL, 'Xây dựng hệ thống thu hồi và tái sử dụng thùng carton từ nhà cung cấp, ước tính tiết kiệm 30% chi phí bao bì.', NULL, 'Tiết kiệm 50 triệu VND/tháng chi phí bao bì.', NULL, '4433114b-be0f-4932-9c69-0a8d9c4d53e8', 'b6859c5e-0f05-432d-8f9f-0ccb5d13b643', false, NULL, 'pending', NULL, 1, 0, NULL, NULL, NULL, '[]', NULL, NULL, NULL, NULL, NULL, NULL, NULL, NULL, NULL, NULL, NULL, '2026-01-13 16:10:28.66029+00', '2026-01-13 16:10:28.66029+00');
INSERT INTO public.ideas (id, ideabox_type, category, title, title_ja, description, description_ja, expected_benefit, expected_benefit_ja, submitter_id, department_id, is_anonymous, assigned_to, status, difficulty, handler_level, escalation_level, escalated_to, escalated_at, current_handler_level, attachments, reviewed_by, reviewed_at, review_notes, review_notes_ja, feasibility_score, impact_score, implemented_at, implementation_notes, implementation_notes_ja, actual_benefit, actual_benefit_ja, created_at, updated_at) VALUES ('e5b97cc7-c59c-4fc3-8216-664c944f898f', 'white', 'safety_enhancement', 'Lắp đặt gương cầu lồi tại góc khuất', NULL, 'Lắp gương cầu lồi tại 5 vị trí góc khuất trong nhà máy để giảm nguy cơ va chạm xe nâng và người đi bộ.', NULL, 'Giảm 80% nguy cơ va chạm tại các góc khuất.', NULL, '4433114b-be0f-4932-9c69-0a8d9c4d53e8', '6a2df227-c4af-4784-a3bd-210415c4ebaa', false, NULL, 'pending', NULL, 1, 0, NULL, NULL, NULL, '[]', NULL, NULL, NULL, NULL, NULL, NULL, NULL, NULL, NULL, NULL, NULL, '2026-01-13 16:10:28.993283+00', '2026-01-13 16:10:28.993283+00');
INSERT INTO public.ideas (id, ideabox_type, category, title, title_ja, description, description_ja, expected_benefit, expected_benefit_ja, submitter_id, department_id, is_anonymous, assigned_to, status, difficulty, handler_level, escalation_level, escalated_to, escalated_at, current_handler_level, attachments, reviewed_by, reviewed_at, review_notes, review_notes_ja, feasibility_score, impact_score, implemented_at, implementation_notes, implementation_notes_ja, actual_benefit, actual_benefit_ja, created_at, updated_at) VALUES ('5d3f141b-acfb-47e7-8d9d-379e4b77bd81', 'white', 'productivity', 'Tối ưu hóa layout khu vực lắp ráp', NULL, 'Sắp xếp lại vị trí các trạm làm việc theo flow sản xuất, giảm khoảng cách di chuyển của công nhân.', NULL, 'Giảm 15% thời gian di chuyển, tăng 10% năng suất.', NULL, '4433114b-be0f-4932-9c69-0a8d9c4d53e8', '44e48126-8fea-4b4e-92fb-126d937398b4', false, NULL, 'pending', NULL, 1, 0, NULL, NULL, NULL, '[]', NULL, NULL, NULL, NULL, NULL, NULL, NULL, NULL, NULL, NULL, NULL, '2026-01-13 16:10:29.312565+00', '2026-01-13 16:10:29.312565+00');
INSERT INTO public.ideas (id, ideabox_type, category, title, title_ja, description, description_ja, expected_benefit, expected_benefit_ja, submitter_id, department_id, is_anonymous, assigned_to, status, difficulty, handler_level, escalation_level, escalated_to, escalated_at, current_handler_level, attachments, reviewed_by, reviewed_at, review_notes, review_notes_ja, feasibility_score, impact_score, implemented_at, implementation_notes, implementation_notes_ja, actual_benefit, actual_benefit_ja, created_at, updated_at) VALUES ('ec2e3df7-1484-46d2-bf8f-3c3186d5ffda', 'white', 'quality_improvement', 'Triển khai Poka-Yoke cho máy đóng gói', NULL, 'Lắp cảm biến để ngăn chặn việc đóng gói sản phẩm thiếu phụ kiện.', NULL, 'Giảm 100% lỗi thiếu phụ kiện trong đóng gói.', NULL, '4433114b-be0f-4932-9c69-0a8d9c4d53e8', 'ff99a528-cc0c-47fa-b27f-b1c9673b7b7a', false, NULL, 'pending', NULL, 1, 0, NULL, NULL, NULL, '[]', NULL, NULL, NULL, NULL, NULL, NULL, NULL, NULL, NULL, NULL, NULL, '2026-01-13 16:10:29.625806+00', '2026-01-13 16:10:29.625806+00');
INSERT INTO public.ideas (id, ideabox_type, category, title, title_ja, description, description_ja, expected_benefit, expected_benefit_ja, submitter_id, department_id, is_anonymous, assigned_to, status, difficulty, handler_level, escalation_level, escalated_to, escalated_at, current_handler_level, attachments, reviewed_by, reviewed_at, review_notes, review_notes_ja, feasibility_score, impact_score, implemented_at, implementation_notes, implementation_notes_ja, actual_benefit, actual_benefit_ja, created_at, updated_at) VALUES ('d68de718-d814-4879-8a9d-cdcc754c54c2', 'pink', 'workplace', 'Cải thiện điều kiện nghỉ ngơi', NULL, 'Đề xuất tăng số lượng ghế ngồi và máy điều hòa trong phòng nghỉ ca. Hiện tại phòng nghỉ quá nóng và thiếu chỗ ngồi.', NULL, 'Cải thiện sức khỏe và tinh thần làm việc của công nhân.', NULL, '4433114b-be0f-4932-9c69-0a8d9c4d53e8', 'a47e7584-56be-4357-a253-59d6b60a4c42', true, NULL, 'pending', NULL, 3, 0, NULL, NULL, NULL, '[]', NULL, NULL, NULL, NULL, NULL, NULL, NULL, NULL, NULL, NULL, NULL, '2026-01-13 16:10:29.95456+00', '2026-01-13 16:10:29.95456+00');
INSERT INTO public.ideas (id, ideabox_type, category, title, title_ja, description, description_ja, expected_benefit, expected_benefit_ja, submitter_id, department_id, is_anonymous, assigned_to, status, difficulty, handler_level, escalation_level, escalated_to, escalated_at, current_handler_level, attachments, reviewed_by, reviewed_at, review_notes, review_notes_ja, feasibility_score, impact_score, implemented_at, implementation_notes, implementation_notes_ja, actual_benefit, actual_benefit_ja, created_at, updated_at) VALUES ('b59c9ccc-1acb-4eb0-bd0e-4d276397a286', 'pink', 'other', 'Đề xuất thay đổi giờ ăn trưa', NULL, 'Hiện tại giờ ăn trưa 11h30 quá sớm, đề xuất dời sang 12h00 để phù hợp với nhịp độ công việc.', NULL, 'Tăng hiệu quả làm việc buổi sáng.', NULL, '4433114b-be0f-4932-9c69-0a8d9c4d53e8', '03d8c96c-6559-4794-90f0-665542f28829', true, NULL, 'pending', NULL, 3, 0, NULL, NULL, NULL, '[]', NULL, NULL, NULL, NULL, NULL, NULL, NULL, NULL, NULL, NULL, NULL, '2026-01-13 16:10:59.300957+00', '2026-01-13 16:10:59.300957+00');
INSERT INTO public.ideas (id, ideabox_type, category, title, title_ja, description, description_ja, expected_benefit, expected_benefit_ja, submitter_id, department_id, is_anonymous, assigned_to, status, difficulty, handler_level, escalation_level, escalated_to, escalated_at, current_handler_level, attachments, reviewed_by, reviewed_at, review_notes, review_notes_ja, feasibility_score, impact_score, implemented_at, implementation_notes, implementation_notes_ja, actual_benefit, actual_benefit_ja, created_at, updated_at) VALUES ('7a7d5ec7-37be-4662-b9cc-1f0d1b0b019a', 'pink', 'environment', 'Cải thiện hệ thống thông gió', NULL, 'Khu vực hàn thường xuyên có khói, hệ thống hút khói không đủ mạnh, ảnh hưởng sức khỏe công nhân.', NULL, 'Cải thiện chất lượng không khí, giảm bệnh nghề nghiệp.', NULL, '4433114b-be0f-4932-9c69-0a8d9c4d53e8', 'cfcd5749-cf71-4a9c-ade5-cb1239961f66', true, NULL, 'pending', NULL, 3, 0, NULL, NULL, NULL, '[]', NULL, NULL, NULL, NULL, NULL, NULL, NULL, NULL, NULL, NULL, NULL, '2026-01-13 16:10:59.634528+00', '2026-01-13 16:10:59.634528+00');


ALTER TABLE public.ideas ENABLE TRIGGER ALL;

--
-- Data for Name: incidents; Type: TABLE DATA; Schema: public; Owner: smartfactory
--

ALTER TABLE public.incidents DISABLE TRIGGER ALL;

INSERT INTO public.incidents (id, incident_type, title, title_ja, description, description_ja, location, department_id, assigned_department_id, reporter_id, assigned_to, priority, status, escalation_level, escalated_to, escalated_at, attachments, rag_suggestion, resolved_by, resolved_at, resolution_notes, resolution_notes_ja, root_cause, corrective_actions, rating, rating_feedback, rated_at, rated_by, created_at, updated_at) VALUES ('ee60040e-ecf2-4bc7-9afc-436b458db780', 'safety', 'Phát hiện vết dầu loang trên sàn khu vực lắp ráp', NULL, 'Phát hiện vết dầu loang rộng khoảng 1m2 gần máy ép số 3, có nguy cơ trượt ngã cho công nhân.', NULL, 'Khu vực lắp ráp - Line 3', 'b0afefdc-2315-4925-a6ac-d97e1cced912', NULL, '4433114b-be0f-4932-9c69-0a8d9c4d53e8', NULL, 'high', 'pending', 0, NULL, NULL, '[]', NULL, NULL, NULL, NULL, NULL, NULL, NULL, NULL, NULL, NULL, NULL, '2026-01-13 16:10:27.070889+00', '2026-01-13 16:10:27.070889+00');
INSERT INTO public.incidents (id, incident_type, title, title_ja, description, description_ja, location, department_id, assigned_department_id, reporter_id, assigned_to, priority, status, escalation_level, escalated_to, escalated_at, attachments, rag_suggestion, resolved_by, resolved_at, resolution_notes, resolution_notes_ja, root_cause, corrective_actions, rating, rating_feedback, rated_at, rated_by, created_at, updated_at) VALUES ('5ff334c6-b234-499a-88b6-db498212c33b', 'quality', 'Phát hiện lỗi kích thước ngoài dung sai cho phép', NULL, 'Kiểm tra mẫu phát hiện 5/20 sản phẩm có kích thước đường kính vượt quá dung sai ±0.02mm.', NULL, 'Phòng QC - Khu vực kiểm tra', 'b6859c5e-0f05-432d-8f9f-0ccb5d13b643', NULL, '4433114b-be0f-4932-9c69-0a8d9c4d53e8', NULL, 'critical', 'pending', 0, NULL, NULL, '[]', NULL, NULL, NULL, NULL, NULL, NULL, NULL, NULL, NULL, NULL, NULL, '2026-01-13 16:10:27.255246+00', '2026-01-13 16:10:27.255246+00');
INSERT INTO public.incidents (id, incident_type, title, title_ja, description, description_ja, location, department_id, assigned_department_id, reporter_id, assigned_to, priority, status, escalation_level, escalated_to, escalated_at, attachments, rag_suggestion, resolved_by, resolved_at, resolution_notes, resolution_notes_ja, root_cause, corrective_actions, rating, rating_feedback, rated_at, rated_by, created_at, updated_at) VALUES ('e14f1c49-bf8f-4b17-a1b4-9574058a32c8', 'equipment', 'Máy CNC số 5 phát ra tiếng ồn bất thường', NULL, 'Máy CNC số 5 phát ra tiếng ồn kim loại khi hoạt động, cần kiểm tra bộ phận trục chính.', NULL, 'Xưởng CNC - Line 2', '6a2df227-c4af-4784-a3bd-210415c4ebaa', NULL, '4433114b-be0f-4932-9c69-0a8d9c4d53e8', NULL, 'medium', 'pending', 0, NULL, NULL, '[]', NULL, NULL, NULL, NULL, NULL, NULL, NULL, NULL, NULL, NULL, NULL, '2026-01-13 16:10:27.386666+00', '2026-01-13 16:10:27.386666+00');
INSERT INTO public.incidents (id, incident_type, title, title_ja, description, description_ja, location, department_id, assigned_department_id, reporter_id, assigned_to, priority, status, escalation_level, escalated_to, escalated_at, attachments, rag_suggestion, resolved_by, resolved_at, resolution_notes, resolution_notes_ja, root_cause, corrective_actions, rating, rating_feedback, rated_at, rated_by, created_at, updated_at) VALUES ('8f510a82-8c20-4b91-9162-70e651bc0e54', 'safety', 'Đèn báo khẩn cấp không hoạt động', NULL, 'Phát hiện 2 đèn báo khẩn cấp tại lối thoát hiểm A3 không hoạt động khi kiểm tra định kỳ.', NULL, 'Lối thoát hiểm A3', '44e48126-8fea-4b4e-92fb-126d937398b4', NULL, '4433114b-be0f-4932-9c69-0a8d9c4d53e8', NULL, 'high', 'pending', 0, NULL, NULL, '[]', NULL, NULL, NULL, NULL, NULL, NULL, NULL, NULL, NULL, NULL, NULL, '2026-01-13 16:10:27.54984+00', '2026-01-13 16:10:27.54984+00');
INSERT INTO public.incidents (id, incident_type, title, title_ja, description, description_ja, location, department_id, assigned_department_id, reporter_id, assigned_to, priority, status, escalation_level, escalated_to, escalated_at, attachments, rag_suggestion, resolved_by, resolved_at, resolution_notes, resolution_notes_ja, root_cause, corrective_actions, rating, rating_feedback, rated_at, rated_by, created_at, updated_at) VALUES ('2152cf7b-2e9c-4368-acfa-f7c3908024f9', 'equipment', 'Băng tải số 2 bị kẹt', NULL, 'Băng tải số 2 đột ngột dừng hoạt động, nghi ngờ motor quá tải hoặc dây đai bị đứt.', NULL, 'Dây chuyền sản xuất - Line 2', 'ff99a528-cc0c-47fa-b27f-b1c9673b7b7a', NULL, '4433114b-be0f-4932-9c69-0a8d9c4d53e8', NULL, 'high', 'pending', 0, NULL, NULL, '[]', NULL, NULL, NULL, NULL, NULL, NULL, NULL, NULL, NULL, NULL, NULL, '2026-01-13 16:10:27.687686+00', '2026-01-13 16:10:27.687686+00');
INSERT INTO public.incidents (id, incident_type, title, title_ja, description, description_ja, location, department_id, assigned_department_id, reporter_id, assigned_to, priority, status, escalation_level, escalated_to, escalated_at, attachments, rag_suggestion, resolved_by, resolved_at, resolution_notes, resolution_notes_ja, root_cause, corrective_actions, rating, rating_feedback, rated_at, rated_by, created_at, updated_at) VALUES ('127ca532-4d40-47be-8206-9ea2cc4bdcfe', 'quality', 'Bề mặt sản phẩm có vết xước', NULL, 'Lô hàng LOT-2024-0105 có 15% sản phẩm bị vết xước trên bề mặt, cần điều tra nguyên nhân.', NULL, 'Khu đóng gói', 'a47e7584-56be-4357-a253-59d6b60a4c42', NULL, '4433114b-be0f-4932-9c69-0a8d9c4d53e8', NULL, 'medium', 'pending', 0, NULL, NULL, '[]', NULL, NULL, NULL, NULL, NULL, NULL, NULL, NULL, NULL, NULL, NULL, '2026-01-13 16:10:27.861791+00', '2026-01-13 16:10:27.861791+00');
INSERT INTO public.incidents (id, incident_type, title, title_ja, description, description_ja, location, department_id, assigned_department_id, reporter_id, assigned_to, priority, status, escalation_level, escalated_to, escalated_at, attachments, rag_suggestion, resolved_by, resolved_at, resolution_notes, resolution_notes_ja, root_cause, corrective_actions, rating, rating_feedback, rated_at, rated_by, created_at, updated_at) VALUES ('e7d66a6a-2d64-442f-9d84-1e345900aee0', 'other', 'Hệ thống điều hòa không khí gặp sự cố', NULL, 'Điều hòa khu vực văn phòng tầng 2 không hoạt động, nhiệt độ phòng tăng cao.', NULL, 'Văn phòng tầng 2', '03d8c96c-6559-4794-90f0-665542f28829', NULL, '4433114b-be0f-4932-9c69-0a8d9c4d53e8', NULL, 'low', 'pending', 0, NULL, NULL, '[]', NULL, NULL, NULL, NULL, NULL, NULL, NULL, NULL, NULL, NULL, NULL, '2026-01-13 16:10:28.032781+00', '2026-01-13 16:10:28.032781+00');
INSERT INTO public.incidents (id, incident_type, title, title_ja, description, description_ja, location, department_id, assigned_department_id, reporter_id, assigned_to, priority, status, escalation_level, escalated_to, escalated_at, attachments, rag_suggestion, resolved_by, resolved_at, resolution_notes, resolution_notes_ja, root_cause, corrective_actions, rating, rating_feedback, rated_at, rated_by, created_at, updated_at) VALUES ('8528c042-b959-4de5-ba9f-776312bfc8c4', 'safety', 'Phát hiện dây điện hở', NULL, 'Dây điện nguồn máy hàn số 8 bị hở, có nguy cơ điện giật cho người vận hành.', NULL, 'Khu hàn - Station 8', 'cfcd5749-cf71-4a9c-ade5-cb1239961f66', NULL, '4433114b-be0f-4932-9c69-0a8d9c4d53e8', NULL, 'critical', 'pending', 0, NULL, NULL, '[]', NULL, NULL, NULL, NULL, NULL, NULL, NULL, NULL, NULL, NULL, NULL, '2026-01-13 16:10:28.182659+00', '2026-01-13 16:10:28.182659+00');


ALTER TABLE public.incidents ENABLE TRIGGER ALL;

--
-- Data for Name: news; Type: TABLE DATA; Schema: public; Owner: smartfactory
--

ALTER TABLE public.news DISABLE TRIGGER ALL;

INSERT INTO public.news (id, category, title, title_ja, content, content_ja, excerpt, excerpt_ja, author_id, target_audience, target_departments, target_users, is_priority, publish_at, status, attachments, created_at, updated_at) VALUES ('997685fd-55ee-4fc8-bb20-a4c6fe893506', 'company_announcement', 'Thông báo lịch nghỉ Tết Nguyên Đán 2025', NULL, 'Kính gửi toàn thể CBNV,

Công ty xin thông báo lịch nghỉ Tết Nguyên Đán 2025 như sau:
- Thời gian nghỉ: Từ ngày 25/01/2025 (28 Tết) đến hết ngày 02/02/2025 (Mùng 5 Tết)
- Ngày đi làm lại: 03/02/2025 (Mùng 6 Tết)

Các phòng ban lưu ý hoàn tất công việc trước kỳ nghỉ.

Trân trọng!', NULL, NULL, NULL, '4433114b-be0f-4932-9c69-0a8d9c4d53e8', 'all', NULL, NULL, true, '2026-01-13 16:10:59.972+00', 'published', '[]', '2026-01-13 16:10:59.972659+00', '2026-01-13 16:10:59.972659+00');
INSERT INTO public.news (id, category, title, title_ja, content, content_ja, excerpt, excerpt_ja, author_id, target_audience, target_departments, target_users, is_priority, publish_at, status, attachments, created_at, updated_at) VALUES ('3389e02e-8e07-49b9-a2d6-4a234f673869', 'safety_alert', 'Nhắc nhở an toàn: Kiểm tra thiết bị bảo hộ cá nhân', NULL, 'Kính gửi CBNV các bộ phận sản xuất,

Phòng An toàn nhắc nhở:
1. Luôn đeo kính bảo hộ khi làm việc với máy móc
2. Sử dụng găng tay phù hợp với từng công việc
3. Đi giày bảo hộ trong toàn bộ khu vực nhà xưởng
4. Báo ngay cho quản lý nếu thiết bị bảo hộ bị hỏng

An toàn là trên hết!', NULL, NULL, NULL, '4433114b-be0f-4932-9c69-0a8d9c4d53e8', 'all', NULL, NULL, true, '2026-01-13 16:11:00.584+00', 'published', '[]', '2026-01-13 16:11:00.584949+00', '2026-01-13 16:11:00.584949+00');
INSERT INTO public.news (id, category, title, title_ja, content, content_ja, excerpt, excerpt_ja, author_id, target_audience, target_departments, target_users, is_priority, publish_at, status, attachments, created_at, updated_at) VALUES ('6a971040-9f98-4337-9905-bb2b6579264e', 'achievement', 'Chúc mừng Line 3 đạt 100 ngày không sự cố', NULL, 'Phòng Quản lý Sản xuất xin chúc mừng tập thể Line 3 đã đạt được cột mốc 100 ngày làm việc không có sự cố an toàn.

Đây là kết quả của sự nỗ lực không ngừng trong việc tuân thủ quy trình an toàn và tinh thần trách nhiệm cao của toàn bộ thành viên.

Các thành viên Line 3 sẽ được tuyên dương trong buổi họp toàn công ty vào thứ Hai tuần tới.', NULL, NULL, NULL, '4433114b-be0f-4932-9c69-0a8d9c4d53e8', 'all', NULL, NULL, false, '2026-01-13 16:11:01.077+00', 'published', '[]', '2026-01-13 16:11:01.077697+00', '2026-01-13 16:11:01.077697+00');
INSERT INTO public.news (id, category, title, title_ja, content, content_ja, excerpt, excerpt_ja, author_id, target_audience, target_departments, target_users, is_priority, publish_at, status, attachments, created_at, updated_at) VALUES ('3a249367-ad32-494e-b417-61df24148fdb', 'training', 'Thông báo lớp đào tạo 5S nâng cao', NULL, 'Phòng Nhân sự phối hợp với Phòng Quản lý Sản xuất tổ chức lớp đào tạo 5S nâng cao:

- Thời gian: 14h00 - 16h00, Thứ 6 hàng tuần
- Địa điểm: Phòng họp A, Tầng 2
- Đối tượng: Team Leader và Supervisor

Nội dung:
1. Ôn lại 5S cơ bản
2. Phương pháp đánh giá 5S
3. Best practice từ các nhà máy khác
4. Thực hành tại xưởng

Đăng ký qua hệ thống nội bộ trước ngày 15/01.', NULL, NULL, NULL, '4433114b-be0f-4932-9c69-0a8d9c4d53e8', 'all', NULL, NULL, false, '2026-01-13 16:11:01.586+00', 'published', '[]', '2026-01-13 16:11:01.587086+00', '2026-01-13 16:11:01.587086+00');
INSERT INTO public.news (id, category, title, title_ja, content, content_ja, excerpt, excerpt_ja, author_id, target_audience, target_departments, target_users, is_priority, publish_at, status, attachments, created_at, updated_at) VALUES ('46c14384-1df7-4a9c-b560-3fdbe381f659', 'maintenance', 'Thông báo bảo trì hệ thống điện định kỳ', NULL, 'Phòng Thiết bị thông báo lịch bảo trì hệ thống điện định kỳ:

- Thời gian: 06h00 - 10h00, Chủ Nhật ngày 20/01/2025
- Khu vực ảnh hưởng: Toàn bộ nhà máy

Trong thời gian bảo trì:
- Tất cả máy móc sẽ ngừng hoạt động
- Hệ thống chiếu sáng khẩn cấp sẽ được bật
- Chỉ nhân viên bảo trì được phép vào xưởng

Các bộ phận lưu ý hoàn tất công việc và tắt thiết bị trước 22h00 thứ 7.', NULL, NULL, NULL, '4433114b-be0f-4932-9c69-0a8d9c4d53e8', 'all', NULL, NULL, true, '2026-01-13 16:11:02.251+00', 'published', '[]', '2026-01-13 16:11:02.251763+00', '2026-01-13 16:11:02.251763+00');
INSERT INTO public.news (id, category, title, title_ja, content, content_ja, excerpt, excerpt_ja, author_id, target_audience, target_departments, target_users, is_priority, publish_at, status, attachments, created_at, updated_at) VALUES ('049ba270-ceee-4b63-96d0-af004549e927', 'welfare', 'Chương trình khám sức khỏe định kỳ 2025', NULL, 'Phòng Nhân sự thông báo chương trình khám sức khỏe định kỳ năm 2025:

Đợt 1: 15-17/01/2025 - Khối văn phòng
Đợt 2: 20-24/01/2025 - Khối sản xuất

Địa điểm: Bệnh viện Đa khoa Thành phố
Xe đưa đón: 7h00 tại cổng chính

Lưu ý: Nhịn ăn sáng trước khi khám để xét nghiệm máu.
Danh sách theo phòng ban sẽ được gửi sau.', NULL, NULL, NULL, '4433114b-be0f-4932-9c69-0a8d9c4d53e8', 'all', NULL, NULL, false, '2026-01-13 16:11:02.696+00', 'published', '[]', '2026-01-13 16:11:02.696389+00', '2026-01-13 16:11:02.696389+00');
INSERT INTO public.news (id, category, title, title_ja, content, content_ja, excerpt, excerpt_ja, author_id, target_audience, target_departments, target_users, is_priority, publish_at, status, attachments, created_at, updated_at) VALUES ('6d0c35ce-92e4-44e1-8424-518559ed0960', 'event', 'Sự kiện teambuilding quý 1/2025', NULL, 'Công đoàn Công ty tổ chức sự kiện teambuilding Quý 1/2025:

- Thời gian: Thứ 7, ngày 25/01/2025
- Địa điểm: Khu du lịch sinh thái ABC
- Đối tượng: Toàn thể CBNV

Chương trình:
08h00: Tập trung tại công ty
09h00: Xuất phát
10h00: Các hoạt động team building
12h00: Tiệc BBQ
15h00: Thi đấu thể thao
17h00: Tổng kết và trao giải
18h00: Về công ty

Đăng ký tham gia qua trưởng bộ phận trước ngày 20/01.', NULL, NULL, NULL, '4433114b-be0f-4932-9c69-0a8d9c4d53e8', 'all', NULL, NULL, false, '2026-01-13 16:11:03.182+00', 'published', '[]', '2026-01-13 16:11:03.18326+00', '2026-01-13 16:11:03.18326+00');


ALTER TABLE public.news ENABLE TRIGGER ALL;

--
-- Data for Name: rooms; Type: TABLE DATA; Schema: public; Owner: smartfactory
--

ALTER TABLE public.rooms DISABLE TRIGGER ALL;

INSERT INTO public.rooms (id, code, name, name_ja, description, description_ja, floor, building, location_details, capacity, min_capacity, has_projector, has_whiteboard, has_video_conference, has_audio_system, has_air_conditioner, has_tv_screen, other_equipment, image_url, thumbnail_url, status, is_active, requires_approval, max_booking_hours, advance_booking_days, created_at, updated_at) VALUES ('41e576d3-01b3-4938-ab7b-be782cd6369f', 'MH-101', 'Phòng họp Sakura', '会議室 さくら', 'Phòng họp nhỏ phù hợp cho các cuộc họp nhóm 4-6 người', NULL, 1, 'Main Building', NULL, 6, 2, true, true, false, false, true, false, '{"Bảng flip chart","Wifi tốc độ cao"}', NULL, NULL, 'available', true, false, 4, 14, '2026-01-14 02:43:03.139245+00', '2026-01-14 02:43:03.139245+00');
INSERT INTO public.rooms (id, code, name, name_ja, description, description_ja, floor, building, location_details, capacity, min_capacity, has_projector, has_whiteboard, has_video_conference, has_audio_system, has_air_conditioner, has_tv_screen, other_equipment, image_url, thumbnail_url, status, is_active, requires_approval, max_booking_hours, advance_booking_days, created_at, updated_at) VALUES ('682b53c1-a86f-454f-9b16-53b73d0766bd', 'MH-102', 'Phòng họp Fuji', '会議室 ふじ', 'Phòng họp nhỏ với thiết bị họp video cơ bản', NULL, 1, 'Main Building', NULL, 8, 2, true, true, true, true, true, false, '{"Webcam HD","Micro không dây"}', NULL, NULL, 'available', true, false, 4, 14, '2026-01-14 02:43:03.139245+00', '2026-01-14 02:43:03.139245+00');
INSERT INTO public.rooms (id, code, name, name_ja, description, description_ja, floor, building, location_details, capacity, min_capacity, has_projector, has_whiteboard, has_video_conference, has_audio_system, has_air_conditioner, has_tv_screen, other_equipment, image_url, thumbnail_url, status, is_active, requires_approval, max_booking_hours, advance_booking_days, created_at, updated_at) VALUES ('099cabb4-5307-4a7c-af0b-c6b226214a68', 'MH-103', 'Phòng phỏng vấn A', '面接室 A', 'Phòng dành cho phỏng vấn và trao đổi 1-1', NULL, 1, 'Main Building', NULL, 4, 2, false, true, false, false, true, false, '{"Bàn họp vuông"}', NULL, NULL, 'available', true, false, 2, 7, '2026-01-14 02:43:03.139245+00', '2026-01-14 02:43:03.139245+00');
INSERT INTO public.rooms (id, code, name, name_ja, description, description_ja, floor, building, location_details, capacity, min_capacity, has_projector, has_whiteboard, has_video_conference, has_audio_system, has_air_conditioner, has_tv_screen, other_equipment, image_url, thumbnail_url, status, is_active, requires_approval, max_booking_hours, advance_booking_days, created_at, updated_at) VALUES ('9e829dfa-8cb4-4046-b3b9-9a78a633c73b', 'MH-201', 'Phòng họp Momiji', '会議室 もみじ', 'Phòng họp trung bình với đầy đủ thiết bị trình chiếu', NULL, 2, 'Main Building', NULL, 12, 4, true, true, true, true, true, true, '{"Bảng trắng thông minh","Apple TV","Micro hội nghị"}', NULL, NULL, 'available', true, false, 4, 14, '2026-01-14 02:43:03.139245+00', '2026-01-14 02:43:03.139245+00');
INSERT INTO public.rooms (id, code, name, name_ja, description, description_ja, floor, building, location_details, capacity, min_capacity, has_projector, has_whiteboard, has_video_conference, has_audio_system, has_air_conditioner, has_tv_screen, other_equipment, image_url, thumbnail_url, status, is_active, requires_approval, max_booking_hours, advance_booking_days, created_at, updated_at) VALUES ('bda29f37-d486-438f-9d09-bb36613d9dd3', 'MH-202', 'Phòng họp Bamboo', '会議室 たけ', 'Phòng họp kiểu workshop với bàn ghế linh hoạt', NULL, 2, 'Main Building', NULL, 15, 5, true, true, false, true, true, true, '{"Bàn ghế di động","Bảng trắng di động x2"}', NULL, NULL, 'available', true, false, 6, 14, '2026-01-14 02:43:03.139245+00', '2026-01-14 02:43:03.139245+00');
INSERT INTO public.rooms (id, code, name, name_ja, description, description_ja, floor, building, location_details, capacity, min_capacity, has_projector, has_whiteboard, has_video_conference, has_audio_system, has_air_conditioner, has_tv_screen, other_equipment, image_url, thumbnail_url, status, is_active, requires_approval, max_booking_hours, advance_booking_days, created_at, updated_at) VALUES ('a40f48b1-9cbd-4356-bf61-7e09e3de164f', 'MH-203', 'Phòng đào tạo 1', 'トレーニングルーム 1', 'Phòng đào tạo với máy tính cho học viên', NULL, 2, 'Main Building', NULL, 20, 8, true, true, true, true, true, true, '{"10 máy tính PC","Bảng điện tử","Hệ thống PA"}', NULL, NULL, 'available', true, true, 8, 21, '2026-01-14 02:43:03.139245+00', '2026-01-14 02:43:03.139245+00');
INSERT INTO public.rooms (id, code, name, name_ja, description, description_ja, floor, building, location_details, capacity, min_capacity, has_projector, has_whiteboard, has_video_conference, has_audio_system, has_air_conditioner, has_tv_screen, other_equipment, image_url, thumbnail_url, status, is_active, requires_approval, max_booking_hours, advance_booking_days, created_at, updated_at) VALUES ('ec1e61bd-75e8-4e90-94da-258774e0cecd', 'MH-301', 'Phòng họp Taiyo', '会議室 たいよう', 'Phòng họp lớn cho các cuộc họp cấp quản lý', NULL, 3, 'Main Building', NULL, 25, 10, true, true, true, true, true, true, '{"Hệ thống âm thanh chuyên nghiệp","Màn hình 85 inch","2 micro không dây"}', NULL, NULL, 'available', true, true, 4, 21, '2026-01-14 02:43:03.139245+00', '2026-01-14 02:43:03.139245+00');
INSERT INTO public.rooms (id, code, name, name_ja, description, description_ja, floor, building, location_details, capacity, min_capacity, has_projector, has_whiteboard, has_video_conference, has_audio_system, has_air_conditioner, has_tv_screen, other_equipment, image_url, thumbnail_url, status, is_active, requires_approval, max_booking_hours, advance_booking_days, created_at, updated_at) VALUES ('556ddc91-a6ce-44f1-b4bd-505d1b3517fc', 'MH-302', 'Phòng hội nghị Denso', 'デンソー会議室', 'Phòng hội nghị chính cho các sự kiện quan trọng', NULL, 3, 'Main Building', NULL, 50, 20, true, true, true, true, true, true, '{"Sân khấu nhỏ","Hệ thống PA","Màn hình LED lớn","4 micro không dây",Podium}', NULL, NULL, 'available', true, true, 8, 30, '2026-01-14 02:43:03.139245+00', '2026-01-14 02:43:03.139245+00');
INSERT INTO public.rooms (id, code, name, name_ja, description, description_ja, floor, building, location_details, capacity, min_capacity, has_projector, has_whiteboard, has_video_conference, has_audio_system, has_air_conditioner, has_tv_screen, other_equipment, image_url, thumbnail_url, status, is_active, requires_approval, max_booking_hours, advance_booking_days, created_at, updated_at) VALUES ('067d4b7d-caaa-4f9b-aee0-469322765845', 'MH-401', 'Phòng họp VIP', 'VIP会議室', 'Phòng họp VIP dành cho khách hàng và đối tác quan trọng', NULL, 4, 'Main Building', NULL, 10, 4, true, true, true, true, true, true, '{"Nội thất cao cấp","Mini bar","Màn hình 65 inch"}', NULL, NULL, 'available', true, true, 4, 30, '2026-01-14 02:43:03.139245+00', '2026-01-14 02:43:03.139245+00');
INSERT INTO public.rooms (id, code, name, name_ja, description, description_ja, floor, building, location_details, capacity, min_capacity, has_projector, has_whiteboard, has_video_conference, has_audio_system, has_air_conditioner, has_tv_screen, other_equipment, image_url, thumbnail_url, status, is_active, requires_approval, max_booking_hours, advance_booking_days, created_at, updated_at) VALUES ('56af4b2e-e5f4-4db2-8ca6-e6ea7263ebaa', 'MH-402', 'Phòng họp Ban Giám đốc', '役員会議室', 'Phòng họp dành cho Ban Giám đốc và cấp cao', NULL, 4, 'Main Building', NULL, 15, 5, true, true, true, true, true, true, '{"Bàn họp oval","Hệ thống bảo mật","2 màn hình 55 inch"}', NULL, NULL, 'available', true, true, 4, 30, '2026-01-14 02:43:03.139245+00', '2026-01-14 02:43:03.139245+00');
INSERT INTO public.rooms (id, code, name, name_ja, description, description_ja, floor, building, location_details, capacity, min_capacity, has_projector, has_whiteboard, has_video_conference, has_audio_system, has_air_conditioner, has_tv_screen, other_equipment, image_url, thumbnail_url, status, is_active, requires_approval, max_booking_hours, advance_booking_days, created_at, updated_at) VALUES ('c4e2e6ea-0ec0-4ceb-a48f-ca62bc5c8c85', 'WS-101', 'Workshop Room A', 'ワークショップ A', 'Phòng workshop với không gian mở', NULL, 1, 'Workshop Building', NULL, 30, 10, true, true, false, true, true, true, '{"Bàn làm việc nhóm x6","Bảng trắng x4","Vật liệu craft"}', NULL, NULL, 'available', true, false, 8, 14, '2026-01-14 02:43:03.139245+00', '2026-01-14 02:43:03.139245+00');
INSERT INTO public.rooms (id, code, name, name_ja, description, description_ja, floor, building, location_details, capacity, min_capacity, has_projector, has_whiteboard, has_video_conference, has_audio_system, has_air_conditioner, has_tv_screen, other_equipment, image_url, thumbnail_url, status, is_active, requires_approval, max_booking_hours, advance_booking_days, created_at, updated_at) VALUES ('67e3647d-9252-4b32-8835-c3249a75472d', 'WS-102', 'Workshop Room B', 'ワークショップ B', 'Phòng workshop nhỏ cho brainstorming', NULL, 1, 'Workshop Building', NULL, 15, 5, true, true, false, true, true, false, '{"Bean bags","Standing desks","Post-it supplies"}', NULL, NULL, 'available', true, false, 6, 14, '2026-01-14 02:43:03.139245+00', '2026-01-14 02:43:03.139245+00');


ALTER TABLE public.rooms ENABLE TRIGGER ALL;

--
-- PostgreSQL database dump complete
--

\unrestrict H0xfQ5ZL4SE8Ju1iiTrW4lO1HWzXkPFMFH0rhZdKbFoaEfnJSbSPI5AItY65len

